Rank,Name,Platform,Year,Genre,Publisher,NA_Sales,EU_Sales,JP_Sales,Other_Sales,Global_Sales,region
1,Wii Sports,Wii,2006.0,Sports,Nintendo,41.49,29.02,3.77,8.46,82.74,NA
2,Super Mario Bros.,NES,1985.0,Platform,Nintendo,29.08,3.58,6.81,0.77,40.24,NA
3,Mario Kart Wii,Wii,2008.0,Racing,Nintendo,15.85,12.88,3.79,3.31,35.82,NA
4,Wii Sports Resort,Wii,2009.0,Sports,Nintendo,15.75,11.01,3.28,2.96,33.0,NA
5,Pokemon Red/Pokemon Blue,GB,1996.0,Role-Playing,Nintendo,11.27,8.89,10.22,1.0,31.37,NA
6,Tetris,GB,1989.0,Puzzle,Nintendo,23.2,2.26,4.22,0.58,30.26,NA
7,New Super Mario Bros.,DS,2006.0,Platform,Nintendo,11.38,9.23,6.5,2.9,30.01,NA
8,Wii Play,Wii,2006.0,Misc,Nintendo,14.03,9.2,2.93,2.85,29.02,NA
9,New Super Mario Bros. Wii,Wii,2009.0,Platform,Nintendo,14.59,7.06,4.7,2.26,28.62,NA
10,Duck Hunt,NES,1984.0,Shooter,Nintendo,26.93,0.63,0.28,0.47,28.31,NA
11,Nintendogs,DS,2005.0,Simulation,Nintendo,9.07,11.0,1.93,2.75,24.76,EU
12,Mario Kart DS,DS,2005.0,Racing,Nintendo,9.81,7.57,4.13,1.92,23.42,NA
13,Pokemon Gold/Pokemon Silver,GB,1999.0,Role-Playing,Nintendo,9.0,6.18,7.2,0.71,23.1,NA
14,Wii Fit,Wii,2007.0,Sports,Nintendo,8.94,8.03,3.6,2.15,22.72,NA
15,Wii Fit Plus,Wii,2009.0,Sports,Nintendo,9.09,8.59,2.53,1.79,22.0,NA
16,Kinect Adventures!,X360,2010.0,Misc,Microsoft Game Studios,14.97,4.94,0.24,1.67,21.82,NA
17,Grand Theft Auto V,PS3,2013.0,Action,Take-Two Interactive,7.01,9.27,0.97,4.14,21.4,EU
18,Grand Theft Auto: San Andreas,PS2,2004.0,Action,Take-Two Interactive,9.43,0.4,0.41,10.57,20.81,OTHER
19,Super Mario World,SNES,1990.0,Platform,Nintendo,12.78,3.75,3.54,0.55,20.61,NA
20,Brain Age: Train Your Brain in Minutes a Day,DS,2005.0,Misc,Nintendo,4.75,9.26,4.16,2.05,20.22,EU
21,Pokemon Diamond/Pokemon Pearl,DS,2006.0,Role-Playing,Nintendo,6.42,4.52,6.04,1.37,18.36,NA
22,Super Mario Land,GB,1989.0,Platform,Nintendo,10.83,2.71,4.18,0.42,18.14,NA
23,Super Mario Bros. 3,NES,1988.0,Platform,Nintendo,9.54,3.44,3.84,0.46,17.28,NA
24,Grand Theft Auto V,X360,2013.0,Action,Take-Two Interactive,9.63,5.31,0.06,1.38,16.38,NA
25,Grand Theft Auto: Vice City,PS2,2002.0,Action,Take-Two Interactive,8.41,5.49,0.47,1.78,16.15,NA
26,Pokemon Ruby/Pokemon Sapphire,GBA,2002.0,Role-Playing,Nintendo,6.06,3.9,5.38,0.5,15.85,NA
27,Pokemon Black/Pokemon White,DS,2010.0,Role-Playing,Nintendo,5.57,3.28,5.65,0.82,15.32,JP
28,Brain Age 2: More Training in Minutes a Day,DS,2005.0,Puzzle,Nintendo,3.44,5.36,5.32,1.18,15.3,EU
29,Gran Turismo 3: A-Spec,PS2,2001.0,Racing,Sony Computer Entertainment,6.85,5.09,1.87,1.16,14.98,NA
30,Call of Duty: Modern Warfare 3,X360,2011.0,Shooter,Activision,9.03,4.28,0.13,1.32,14.76,NA
31,Pokémon Yellow: Special Pikachu Edition,GB,1998.0,Role-Playing,Nintendo,5.89,5.04,3.12,0.59,14.64,NA
32,Call of Duty: Black Ops,X360,2010.0,Shooter,Activision,9.67,3.73,0.11,1.13,14.64,NA
33,Pokemon X/Pokemon Y,3DS,2013.0,Role-Playing,Nintendo,5.17,4.05,4.34,0.79,14.35,NA
34,Call of Duty: Black Ops 3,PS4,2015.0,Shooter,Activision,5.77,5.81,0.35,2.31,14.24,EU
35,Call of Duty: Black Ops II,PS3,2012.0,Shooter,Activision,4.99,5.88,0.65,2.52,14.03,EU
36,Call of Duty: Black Ops II,X360,2012.0,Shooter,Activision,8.25,4.3,0.07,1.12,13.73,NA
37,Call of Duty: Modern Warfare 2,X360,2009.0,Shooter,Activision,8.52,3.63,0.08,1.29,13.51,NA
38,Call of Duty: Modern Warfare 3,PS3,2011.0,Shooter,Activision,5.54,5.82,0.49,1.62,13.46,EU
39,Grand Theft Auto III,PS2,2001.0,Action,Take-Two Interactive,6.99,4.51,0.3,1.3,13.1,NA
40,Super Smash Bros. Brawl,Wii,2008.0,Fighting,Nintendo,6.75,2.61,2.66,1.02,13.04,NA
41,Call of Duty: Black Ops,PS3,2010.0,Shooter,Activision,5.98,4.44,0.48,1.83,12.73,NA
42,Animal Crossing: Wild World,DS,2005.0,Simulation,Nintendo,2.55,3.52,5.33,0.88,12.27,JP
43,Mario Kart 7,3DS,2011.0,Racing,Nintendo,4.74,3.91,2.67,0.89,12.21,NA
44,Halo 3,X360,2007.0,Shooter,Microsoft Game Studios,7.97,2.83,0.13,1.21,12.14,NA
45,Grand Theft Auto V,PS4,2014.0,Action,Take-Two Interactive,3.8,5.81,0.36,2.02,11.98,EU
46,Pokemon HeartGold/Pokemon SoulSilver,DS,2009.0,Action,Nintendo,4.4,2.77,3.96,0.77,11.9,NA
47,Super Mario 64,N64,1996.0,Platform,Nintendo,6.91,2.85,1.91,0.23,11.89,NA
48,Gran Turismo 4,PS2,2004.0,Racing,Sony Computer Entertainment,3.01,0.01,1.1,7.53,11.66,OTHER
49,Super Mario Galaxy,Wii,2007.0,Platform,Nintendo,6.16,3.4,1.2,0.76,11.52,NA
50,Pokemon Omega Ruby/Pokemon Alpha Sapphire,3DS,2014.0,Role-Playing,Nintendo,4.23,3.37,3.08,0.65,11.33,NA
51,Super Mario Land 2: 6 Golden Coins,GB,1992.0,Adventure,Nintendo,6.16,2.04,2.69,0.29,11.18,NA
52,Grand Theft Auto IV,X360,2008.0,Action,Take-Two Interactive,6.76,3.1,0.14,1.03,11.02,NA
53,Gran Turismo,PS,1997.0,Racing,Sony Computer Entertainment,4.02,3.87,2.54,0.52,10.95,NA
54,Super Mario 3D Land,3DS,2011.0,Platform,Nintendo,4.89,2.99,2.13,0.78,10.79,NA
55,Gran Turismo 5,PS3,2010.0,Racing,Sony Computer Entertainment,2.96,4.88,0.81,2.12,10.77,EU
56,Call of Duty: Modern Warfare 2,PS3,2009.0,Shooter,Activision,4.99,3.69,0.38,1.63,10.69,NA
57,Grand Theft Auto IV,PS3,2008.0,Action,Take-Two Interactive,4.76,3.76,0.44,1.62,10.57,NA
58,Super Mario All-Stars,SNES,1993.0,Platform,Nintendo,5.99,2.15,2.12,0.29,10.55,NA
59,Pokemon FireRed/Pokemon LeafGreen,GBA,2004.0,Role-Playing,Nintendo,4.34,2.65,3.15,0.35,10.49,NA
60,Super Mario 64,DS,2004.0,Platform,Nintendo,5.08,3.11,1.25,0.98,10.42,NA
61,Just Dance 3,Wii,2011.0,Misc,Ubisoft,6.05,3.15,0.0,1.07,10.26,NA
62,Call of Duty: Ghosts,X360,2013.0,Shooter,Activision,6.72,2.63,0.04,0.82,10.21,NA
63,Halo: Reach,X360,2010.0,Shooter,Microsoft Game Studios,7.03,1.98,0.08,0.78,9.88,NA
64,Mario Kart 64,N64,1996.0,Racing,Nintendo,5.55,1.94,2.23,0.15,9.87,NA
65,New Super Mario Bros. 2,3DS,2012.0,Platform,Nintendo,3.66,3.07,2.47,0.63,9.82,NA
66,Halo 4,X360,2012.0,Shooter,Microsoft Game Studios,6.63,2.36,0.04,0.73,9.76,NA
67,Final Fantasy VII,PS,1997.0,Role-Playing,Sony Computer Entertainment,3.01,2.47,3.28,0.96,9.72,JP
68,Call of Duty: Ghosts,PS3,2013.0,Shooter,Activision,4.09,3.73,0.38,1.38,9.59,NA
69,Just Dance 2,Wii,2010.0,Misc,Ubisoft,5.84,2.89,0.01,0.78,9.52,NA
70,Gran Turismo 2,PS,1999.0,Racing,Sony Computer Entertainment,3.88,3.42,1.69,0.5,9.49,NA
71,Call of Duty 4: Modern Warfare,X360,2007.0,Shooter,Activision,5.91,2.38,0.13,0.9,9.32,NA
72,Donkey Kong Country,SNES,1994.0,Platform,Nintendo,4.36,1.71,3.0,0.23,9.3,NA
73,Minecraft,X360,2013.0,Misc,Microsoft Game Studios,5.58,2.83,0.02,0.77,9.2,NA
74,Animal Crossing: New Leaf,3DS,2012.0,Simulation,Nintendo,2.01,2.32,4.36,0.41,9.09,JP
75,Mario Party DS,DS,2007.0,Misc,Nintendo,4.46,1.88,1.98,0.7,9.02,NA
76,The Elder Scrolls V: Skyrim,X360,2011.0,Role-Playing,Bethesda Softworks,5.03,2.86,0.1,0.85,8.84,NA
77,Super Mario Kart,SNES,1992.0,Racing,Nintendo,3.54,1.24,3.81,0.18,8.76,JP
78,FIFA 16,PS4,2015.0,Sports,Electronic Arts,1.11,6.06,0.06,1.26,8.49,EU
79,Wii Party,Wii,2010.0,Misc,Nintendo,1.79,3.53,2.49,0.68,8.49,EU
80,Halo 2,XB,2004.0,Shooter,Microsoft Game Studios,6.82,1.53,0.05,0.08,8.49,NA
81,Mario Party 8,Wii,2007.0,Misc,Nintendo,3.81,2.3,1.58,0.73,8.42,NA
82,Pokemon Black 2/Pokemon White 2,DS,2012.0,Role-Playing,Nintendo,2.91,1.86,3.14,0.43,8.33,JP
83,FIFA Soccer 13,PS3,2012.0,Action,Electronic Arts,1.06,5.05,0.13,2.01,8.24,EU
84,The Sims 3,PC,2009.0,Simulation,Electronic Arts,0.98,6.42,0.0,0.71,8.11,EU
85,GoldenEye 007,N64,1997.0,Shooter,Nintendo,5.8,2.01,0.13,0.15,8.09,NA
86,Mario & Sonic at the Olympic Games,Wii,2007.0,Sports,Sega,2.58,3.9,0.66,0.91,8.06,EU
87,Final Fantasy X,PS2,2001.0,Role-Playing,Sony Computer Entertainment,2.91,2.07,2.73,0.33,8.05,NA
88,Final Fantasy VIII,PS,1999.0,Role-Playing,SquareSoft,2.28,1.72,3.63,0.23,7.86,JP
89,Pokémon Platinum Version,DS,2008.0,Role-Playing,Nintendo,2.82,1.78,2.69,0.55,7.84,NA
90,Pac-Man,2600,1982.0,Puzzle,Atari,7.28,0.45,0.0,0.08,7.81,NA
91,Grand Theft Auto: Liberty City Stories,PSP,2005.0,Action,Take-Two Interactive,2.9,2.83,0.24,1.75,7.72,NA
92,Super Mario Galaxy 2,Wii,2010.0,Platform,Nintendo,3.66,2.42,0.98,0.64,7.69,NA
93,Star Wars Battlefront (2015),PS4,2015.0,Shooter,Electronic Arts,2.93,3.29,0.22,1.23,7.67,EU
94,Call of Duty: Advanced Warfare,PS4,2014.0,Shooter,Activision,2.8,3.3,0.14,1.37,7.6,EU
95,The Legend of Zelda: Ocarina of Time,N64,1998.0,Action,Nintendo,4.1,1.89,1.45,0.16,7.6,NA
96,Crash Bandicoot 2: Cortex Strikes Back,PS,1997.0,Platform,Sony Computer Entertainment,3.78,2.17,1.31,0.31,7.58,NA
97,Super Mario Bros. 2,NES,1988.0,Platform,Nintendo,5.39,1.18,0.7,0.19,7.46,NA
98,Super Smash Bros. for Wii U and 3DS,3DS,2014.0,Fighting,Nintendo,3.24,1.35,2.42,0.43,7.45,NA
99,Call of Duty: World at War,X360,2008.0,Shooter,Activision,4.79,1.9,0.0,0.69,7.37,NA
100,Battlefield 3,X360,2011.0,Shooter,Electronic Arts,4.46,2.13,0.06,0.69,7.34,NA
101,The Legend of Zelda: Twilight Princess,Wii,2006.0,Action,Nintendo,3.83,2.19,0.6,0.7,7.31,NA
102,Call of Duty: Black Ops 3,XOne,2015.0,Shooter,Activision,4.52,2.09,0.01,0.67,7.3,NA
103,Just Dance,Wii,2009.0,Misc,Ubisoft,3.51,3.03,0.0,0.73,7.27,NA
104,Battlefield 3,PS3,2011.0,Shooter,Electronic Arts,2.85,2.93,0.35,1.1,7.23,EU
105,Need for Speed Underground,PS2,2003.0,Racing,Electronic Arts,3.27,2.83,0.08,1.02,7.2,NA
106,Tekken 3,PS,1998.0,Fighting,Sony Computer Entertainment,3.27,2.22,1.4,0.29,7.16,NA
107,Crash Bandicoot 3: Warped,PS,1998.0,Platform,Sony Computer Entertainment,3.68,1.75,1.42,0.28,7.13,NA
108,Super Smash Bros. Melee,GC,2001.0,Fighting,Nintendo,4.41,1.04,1.39,0.22,7.07,NA
109,Mario Kart 8,WiiU,2014.0,Racing,Nintendo,3.13,2.07,1.27,0.49,6.96,NA
110,Fallout 4,PS4,2015.0,Role-Playing,Bethesda Softworks,2.47,3.15,0.24,1.1,6.96,EU
111,Mario Kart: Double Dash!!,GC,2003.0,Racing,Nintendo,4.12,1.77,0.87,0.19,6.95,NA
112,Just Dance 4,Wii,2012.0,Misc,Ubisoft,4.14,2.21,0.0,0.56,6.91,NA
113,FIFA 14,PS3,2013.0,Sports,Electronic Arts,0.78,4.32,0.07,1.73,6.9,EU
114,Need for Speed Underground 2,PS2,2004.0,Racing,Electronic Arts,2.71,3.02,0.08,1.09,6.9,EU
115,Medal of Honor: Frontline,PS2,2002.0,Shooter,Electronic Arts,2.93,2.75,0.17,0.99,6.83,NA
116,Uncharted 3: Drake's Deception,PS3,2011.0,Action,Sony Computer Entertainment,2.77,2.8,0.19,1.06,6.83,EU
117,Crash Bandicoot,PS,1996.0,Platform,Sony Computer Entertainment,3.23,2.35,0.94,0.3,6.82,NA
118,Zumba Fitness,Wii,2010.0,Sports,505 Games,3.5,2.64,0.0,0.67,6.81,NA
119,Gears of War 2,X360,2008.0,Shooter,Microsoft Game Studios,4.15,1.92,0.06,0.64,6.76,NA
120,Uncharted 2: Among Thieves,PS3,2009.0,Action,Sony Computer Entertainment,3.27,2.25,0.21,1.0,6.73,NA
121,Call of Duty 4: Modern Warfare,PS3,2007.0,Shooter,Activision,3.1,2.3,0.28,1.04,6.72,NA
122,FIFA 12,PS3,2011.0,Sports,Electronic Arts,0.84,4.32,0.11,1.42,6.69,EU
123,Big Brain Academy,DS,2005.0,Misc,Nintendo,1.67,2.78,1.6,0.62,6.67,EU
124,Red Dead Redemption,PS3,2010.0,Action,Take-Two Interactive,2.79,2.61,0.17,1.03,6.6,NA
125,FIFA 15,PS4,2014.0,Sports,Electronic Arts,0.79,4.29,0.05,1.47,6.59,EU
126,Donkey Kong Country Returns,Wii,2010.0,Platform,Nintendo,3.25,1.84,1.03,0.47,6.59,NA
127,The Elder Scrolls V: Skyrim,PS3,2011.0,Role-Playing,Bethesda Softworks,2.55,2.71,0.25,1.05,6.56,EU
128,The Legend of Zelda,NES,1986.0,Action,Nintendo,3.74,0.93,1.69,0.14,6.51,NA
129,Assassin's Creed III,PS3,2012.0,Action,Ubisoft,2.64,2.56,0.16,1.14,6.5,NA
130,Halo: Combat Evolved,XB,2001.0,Shooter,Microsoft Game Studios,4.98,1.3,0.08,0.07,6.43,NA
131,Pokémon Emerald Version,GBA,2004.0,Role-Playing,Nintendo,2.57,1.58,2.06,0.21,6.41,NA
132,Kingdom Hearts,PS2,2002.0,Role-Playing,Sony Computer Entertainment,3.64,1.2,1.49,0.07,6.4,NA
133,Pokémon Crystal Version,GB,2000.0,Role-Playing,Nintendo,2.55,1.56,1.29,0.99,6.39,NA
134,Halo 3: ODST,X360,2009.0,Shooter,Microsoft Game Studios,4.34,1.35,0.06,0.61,6.36,NA
135,Red Dead Redemption,X360,2010.0,Action,Take-Two Interactive,3.7,1.97,0.09,0.57,6.34,NA
136,Super Mario Sunshine,GC,2002.0,Platform,Nintendo,4.01,1.26,0.87,0.17,6.31,NA
137,Street Fighter II: The World Warrior,SNES,1992.0,Fighting,Capcom,2.47,0.83,2.87,0.12,6.3,JP
138,World of Warcraft,PC,2004.0,Role-Playing,Activision,0.07,6.21,0.0,0.0,6.28,EU
139,Driver,PS,1999.0,Action,GT Interactive,3.11,2.8,0.02,0.33,6.27,NA
140,Kinect Sports,X360,2010.0,Sports,Microsoft Game Studios,3.92,1.78,0.03,0.51,6.24,NA
141,Gears of War 3,X360,2011.0,Shooter,Microsoft Game Studios,4.05,1.62,0.07,0.49,6.24,NA
142,Gears of War,X360,2006.0,Shooter,Microsoft Game Studios,3.54,1.9,0.07,0.6,6.11,NA
143,Metal Gear Solid 2: Sons of Liberty,PS2,2001.0,Action,Konami Digital Entertainment,2.45,2.01,0.87,0.72,6.05,NA
144,Sonic the Hedgehog 2,GEN,1992.0,Platform,Sega,4.47,1.2,0.16,0.19,6.03,NA
145,Metal Gear Solid 4: Guns of the Patriots,PS3,2008.0,Action,Konami Digital Entertainment,2.63,1.74,0.83,0.83,6.03,NA
146,Metal Gear Solid,PS,1998.0,Action,Konami Digital Entertainment,3.18,1.83,0.78,0.24,6.03,NA
147,The Last of Us,PS3,2013.0,Action,Sony Computer Entertainment Europe,2.41,2.28,0.28,1.01,5.99,NA
148,Final Fantasy XII,PS2,2006.0,Role-Playing,Square Enix,1.88,0.0,2.33,1.74,5.95,JP
149,LittleBigPlanet,PS3,2008.0,Platform,Sony Computer Entertainment,2.8,2.05,0.17,0.9,5.92,NA
150,Dragon Quest IX: Sentinels of the Starry Skies,DS,2009.0,Role-Playing,Nintendo,0.66,0.69,4.35,0.15,5.84,JP
151,LEGO Star Wars: The Complete Saga,Wii,2007.0,Action,LucasArts,3.66,1.63,0.0,0.53,5.83,NA
152,Resident Evil 2,PS,1998.0,Action,Virgin Interactive,1.88,1.47,2.02,0.45,5.82,JP
153,Tekken 2,PS,1996.0,Fighting,Sony Computer Entertainment,2.26,1.89,1.36,0.23,5.74,NA
154,Cooking Mama,DS,2006.0,Simulation,505 Games,3.13,1.94,0.07,0.58,5.72,NA
155,Destiny,PS4,2014.0,Shooter,Activision,2.49,2.05,0.16,0.96,5.65,NA
156,Tetris,NES,1988.0,Puzzle,Nintendo,2.97,0.69,1.81,0.11,5.58,NA
157,Assassin's Creed II,PS3,2009.0,Action,Ubisoft,2.54,1.95,0.21,0.87,5.57,NA
158,Super Smash Bros.,N64,1999.0,Fighting,Nintendo,2.95,0.6,1.97,0.04,5.55,NA
159,Assassin's Creed,X360,2007.0,Adventure,Ubisoft,3.28,1.65,0.07,0.55,5.55,NA
160,Batman: Arkham City,PS3,2011.0,Action,Warner Bros. Interactive Entertainment,2.7,1.91,0.11,0.8,5.53,NA
161,Forza Motorsport 3,X360,2009.0,Racing,Microsoft Game Studios,2.99,1.92,0.1,0.51,5.51,NA
162,Monster Hunter Freedom Unite,PSP,2008.0,Role-Playing,Capcom,0.47,0.57,4.13,0.34,5.5,JP
163,Super Mario Advance,GBA,2001.0,Platform,Nintendo,3.14,1.24,0.91,0.2,5.49,NA
164,Mario Kart: Super Circuit,GBA,2001.0,Racing,Nintendo,2.62,1.64,0.99,0.23,5.47,NA
165,Super Mario World,GBA,2001.0,Platform,Nintendo,3.21,1.11,0.95,0.2,5.46,NA
166,Pokemon Stadium,N64,1999.0,Strategy,Nintendo,3.18,1.24,0.94,0.09,5.45,NA
167,Call of Duty: World at War,PS3,2008.0,Shooter,Activision,2.72,1.87,0.0,0.84,5.43,NA
168,Crash Bandicoot: The Wrath of Cortex,PS2,2001.0,Platform,Universal Interactive,2.07,2.29,0.24,0.82,5.42,EU
169,Minecraft,PS3,2014.0,Misc,Sony Computer Entertainment,1.97,2.51,0.0,0.94,5.42,EU
170,Final Fantasy XIII,PS3,2009.0,Role-Playing,Square Enix,1.74,1.24,1.87,0.52,5.36,JP
171,Dr. Mario,GB,1989.0,Puzzle,Nintendo,2.18,0.96,2.0,0.2,5.34,NA
172,Pokemon Pinball,GB,1999.0,Misc,Nintendo,3.02,1.12,1.01,0.16,5.31,NA
173,Assassin's Creed III,X360,2012.0,Action,Ubisoft,3.13,1.71,0.03,0.44,5.3,NA
174,Final Fantasy IX,PS,2000.0,Role-Playing,SquareSoft,1.62,0.77,2.78,0.14,5.3,JP
175,Final Fantasy X-2,PS2,2003.0,Role-Playing,Electronic Arts,1.92,1.08,2.11,0.17,5.29,JP
176,Donkey Kong 64,N64,1999.0,Platform,Nintendo,3.33,0.79,1.09,0.06,5.27,NA
177,Assassin's Creed II,X360,2009.0,Action,Ubisoft,3.1,1.56,0.08,0.51,5.27,NA
178,Professor Layton and the Curious Village,DS,2007.0,Puzzle,Nintendo,1.22,2.48,1.03,0.52,5.26,EU
179,Tomb Raider II,PS,1997.0,Action,Eidos Interactive,2.3,2.46,0.2,0.28,5.24,EU
180,Madden NFL 2004,PS2,,Sports,Electronic Arts,4.26,0.26,0.01,0.71,5.23,NA
181,Dragon Quest VIII: Journey of the Cursed King,PS2,2004.0,Role-Playing,Square Enix,0.65,0.75,3.61,0.2,5.21,JP
182,Diablo III,PC,2012.0,Role-Playing,Activision,2.43,2.15,0.0,0.62,5.2,NA
183,Super Mario Bros. 3,GBA,2003.0,Platform,Nintendo,2.93,1.25,0.83,0.2,5.2,NA
184,New Super Mario Bros. U,WiiU,2012.0,Platform,Nintendo,2.32,1.3,1.27,0.31,5.19,NA
185,Super Mario Land 3: Wario Land,GB,1994.0,Platform,Nintendo,2.49,0.98,1.57,0.15,5.19,NA
186,FIFA Soccer 13,X360,2012.0,Action,Electronic Arts,1.08,3.48,0.03,0.58,5.18,EU
187,The Legend of Zelda: Phantom Hourglass,DS,2007.0,Action,Nintendo,1.9,1.83,0.95,0.49,5.17,NA
188,Donkey Kong Country 2: Diddy's Kong Quest,SNES,1995.0,Platform,Nintendo,2.1,0.74,2.2,0.11,5.15,JP
189,Tomodachi Life,3DS,2013.0,Simulation,Nintendo,0.96,2.02,1.89,0.28,5.15,EU
190,Mario & Sonic at the Olympic Games,DS,2008.0,Sports,Sega,1.64,2.48,0.44,0.58,5.14,EU
191,Medal of Honor: Rising Sun,PS2,2003.0,Shooter,Electronic Arts,1.98,2.23,0.13,0.8,5.13,EU
192,Kirby's Dream Land,GB,1992.0,Platform,Nintendo,2.71,0.61,1.7,0.11,5.13,NA
193,Fable III,X360,2010.0,Role-Playing,Microsoft Game Studios,3.59,1.11,0.05,0.38,5.13,NA
194,Call of Duty: Advanced Warfare,XOne,2014.0,Shooter,Activision,3.21,1.53,0.01,0.38,5.13,NA
195,Microsoft Flight Simulator,PC,1996.0,Simulation,Microsoft Game Studios,3.22,1.69,0.0,0.2,5.12,NA
196,Guitar Hero II,PS2,2006.0,Misc,RedOctane,3.81,0.63,0.0,0.68,5.12,NA
197,Resident Evil 5,PS3,2009.0,Action,Capcom,1.96,1.43,1.08,0.65,5.11,NA
198,Grand Theft Auto V,XOne,2014.0,Action,Take-Two Interactive,2.66,2.01,0.0,0.41,5.08,NA
199,Grand Theft Auto: Vice City Stories,PSP,2006.0,Action,Take-Two Interactive,1.7,2.02,0.16,1.21,5.08,EU
200,FIFA Soccer 11,PS3,2010.0,Sports,Electronic Arts,0.6,3.29,0.06,1.13,5.08,EU
201,Super Mario Bros.,GB,1999.0,Platform,Nintendo,3.4,1.3,0.15,0.22,5.07,NA
202,Resident Evil,PS,1996.0,Action,Virgin Interactive,2.05,1.16,1.11,0.73,5.05,NA
203,Tony Hawk's Pro Skater,PS,1999.0,Sports,Activision,3.42,1.38,0.02,0.2,5.02,NA
204,Super Smash Bros. for Wii U and 3DS,WiiU,2014.0,Fighting,Nintendo,2.59,1.06,0.8,0.57,5.02,NA
205,Warzone 2100,PS,1999.0,Strategy,Eidos Interactive,2.79,1.89,0.0,0.33,5.01,NA
206,Spyro the Dragon,PS,1998.0,Platform,Sony Computer Entertainment,3.36,1.36,0.07,0.21,5.0,NA
207,Link's Crossbow Training,Wii,2007.0,Shooter,Nintendo,3.06,1.18,0.29,0.46,5.0,NA
208,Guitar Hero III: Legends of Rock,PS2,2007.0,Misc,Activision,3.49,0.01,0.01,1.48,4.98,NA
209,Fallout 3,X360,2008.0,Role-Playing,Bethesda Softworks,3.39,1.03,0.09,0.44,4.96,NA
210,Pokemon Mystery Dungeon: Explorers of Time/Explorers of Darkness,DS,2007.0,Role-Playing,Nintendo,1.85,1.2,1.54,0.37,4.96,NA
211,Uncharted: Drake's Fortune,PS3,2007.0,Action,Sony Computer Entertainment,2.31,1.73,0.12,0.78,4.94,NA
212,Madden NFL 06,PS2,2005.0,Sports,Electronic Arts,3.98,0.26,0.01,0.66,4.91,NA
213,LEGO Star Wars: The Complete Saga,DS,2007.0,Action,LucasArts,2.89,1.54,0.0,0.46,4.9,NA
214,Diddy Kong Racing,N64,1997.0,Racing,Nintendo,2.91,0.99,0.89,0.1,4.88,NA
215,Monster Hunter Freedom 3,PSP,2010.0,Role-Playing,Capcom,0.0,0.0,4.87,0.0,4.87,JP
216,Dr. Mario,NES,1990.0,Puzzle,Nintendo,2.62,0.6,1.52,0.1,4.85,NA
217,God of War III,PS3,2010.0,Action,Sony Computer Entertainment,2.74,1.36,0.12,0.63,4.84,NA
218,StarCraft II: Wings of Liberty,PC,2010.0,Strategy,Activision,2.56,1.68,0.0,0.59,4.83,NA
219,Assassin's Creed,PS3,2007.0,Adventure,Ubisoft,1.91,2.0,0.09,0.83,4.83,EU
220,FIFA 15,PS3,2014.0,Sports,Electronic Arts,0.57,3.14,0.04,1.07,4.82,EU
221,Crash Team Racing,PS,1999.0,Racing,Sony Computer Entertainment,2.57,1.57,0.44,0.21,4.79,NA
222,FIFA 17,PS4,2016.0,Sports,Electronic Arts,0.28,3.75,0.06,0.69,4.77,EU
223,Batman: Arkham City,X360,2011.0,Action,Warner Bros. Interactive Entertainment,2.99,1.31,0.04,0.41,4.76,NA
224,Driver 2,PS,2000.0,Action,Atari,2.36,2.1,0.02,0.25,4.73,NA
225,The Simpsons: Hit & Run,PS2,2003.0,Racing,Vivendi Games,1.73,2.19,0.0,0.79,4.7,EU
226,Tony Hawk's Pro Skater 2,PS,2000.0,Sports,Activision,3.05,1.41,0.02,0.2,4.68,NA
227,Animal Crossing: City Folk,Wii,2008.0,Simulation,Nintendo,1.87,1.12,1.32,0.37,4.68,NA
228,The Lord of the Rings: The Two Towers,PS2,2002.0,Action,Electronic Arts,1.94,1.95,0.08,0.7,4.67,EU
229,Forza Motorsport 4,X360,2011.0,Racing,Microsoft Game Studios,2.08,2.04,0.06,0.47,4.64,NA
230,Tomb Raider,PS,1996.0,Action,Eidos Interactive,2.29,1.97,0.13,0.24,4.63,NA
231,Guitar Hero III: Legends of Rock,Wii,2007.0,Misc,Activision,3.06,1.12,0.0,0.44,4.62,NA
232,The Legend of Zelda: A Link to the Past,SNES,1991.0,Action,Nintendo,2.42,0.91,1.15,0.13,4.61,NA
233,The Legend of Zelda: The Wind Waker,GC,2002.0,Action,Nintendo,2.6,0.99,0.89,0.13,4.6,NA
234,Mario & Sonic at the Olympic Winter Games,Wii,2009.0,Sports,Sega,1.89,1.99,0.22,0.48,4.58,EU
235,Luigi's Mansion: Dark Moon,3DS,2013.0,Action,Nintendo,1.78,1.39,1.1,0.3,4.58,NA
236,Splatoon,WiiU,2015.0,Shooter,Nintendo,1.55,1.15,1.44,0.43,4.57,NA
237,The Last of Us,PS4,2014.0,Action,Sony Computer Entertainment,1.78,1.87,0.07,0.82,4.55,EU
238,Guitar Hero III: Legends of Rock,X360,2007.0,Misc,Activision,3.19,0.92,0.01,0.42,4.53,NA
239,Madden NFL 2005,PS2,2004.0,Sports,Electronic Arts,4.18,0.26,0.01,0.08,4.53,NA
240,Pitfall!,2600,1981.0,Platform,Activision,4.21,0.24,0.0,0.05,4.5,NA
241,Madden NFL 07,PS2,2006.0,Sports,Electronic Arts,3.63,0.24,0.01,0.61,4.49,NA
242,Spider-Man: The Movie,PS2,2002.0,Action,Activision,2.71,1.51,0.03,0.23,4.48,NA
243,Dragon Quest VII: Warriors of Eden,PS,2000.0,Role-Playing,Enix Corporation,0.2,0.14,4.1,0.02,4.47,JP
244,Uncharted: The Nathan Drake Collection,PS4,2015.0,Action,Sony Computer Entertainment,1.96,1.69,0.08,0.74,4.47,NA
245,Call of Duty: Advanced Warfare,PS3,2014.0,Shooter,Activision,1.54,1.94,0.19,0.77,4.45,EU
246,God of War,PS2,2005.0,Action,Sony Computer Entertainment,2.71,1.29,0.02,0.43,4.45,NA
247,Nintendo Land,WiiU,2012.0,Misc,Nintendo,2.55,1.11,0.46,0.33,4.44,NA
248,Michael Jackson: The Experience,Wii,2010.0,Misc,Ubisoft,2.67,1.35,0.01,0.39,4.42,NA
249,Tony Hawk's Pro Skater 3,PS2,2001.0,Sports,Activision,2.66,1.29,0.01,0.46,4.41,NA
250,Winning Eleven: Pro Evolution Soccer 2007,PS2,2006.0,Sports,Konami Digital Entertainment,0.1,2.39,1.05,0.86,4.39,EU
251,The Elder Scrolls IV: Oblivion,X360,2006.0,Role-Playing,Take-Two Interactive,2.82,1.05,0.13,0.4,4.39,NA
252,Zelda II: The Adventure of Link,NES,1987.0,Adventure,Nintendo,2.19,0.5,1.61,0.08,4.38,NA
253,Need for Speed: Most Wanted,PS2,2005.0,Racing,Electronic Arts,2.03,1.79,0.08,0.47,4.37,NA
254,Resistance: Fall of Man,PS3,2006.0,Shooter,Sony Computer Entertainment,1.73,1.73,0.14,0.75,4.35,NA
255,Sonic the Hedgehog,GEN,1991.0,Platform,Sega,3.03,0.91,0.26,0.13,4.34,NA
256,Kingdom Hearts II,PS2,2005.0,Role-Playing,Square Enix,2.2,0.58,1.38,0.17,4.33,NA
257,FIFA 14,X360,2013.0,Sports,Electronic Arts,0.92,2.93,0.01,0.46,4.31,EU
258,Call of Duty: Advanced Warfare,X360,2014.0,Shooter,Activision,2.75,1.18,0.0,0.37,4.31,NA
259,Asteroids,2600,1980.0,Shooter,Atari,4.0,0.26,0.0,0.05,4.31,NA
260,Fable II,X360,2008.0,Role-Playing,Microsoft Game Studios,2.51,1.27,0.11,0.41,4.31,NA
261,Halo 5: Guardians,XOne,2015.0,Shooter,Microsoft Game Studios,2.64,1.2,0.03,0.39,4.26,NA
262,Super Mario 3D World,WiiU,2013.0,Platform,Nintendo,2.11,1.11,0.72,0.3,4.25,NA
263,Batman: Arkham Asylum,PS3,2009.0,Action,Eidos Interactive,2.23,1.34,0.07,0.61,4.25,NA
264,Assassin's Creed: Revelations,PS3,2011.0,Action,Ubisoft,1.41,2.02,0.1,0.72,4.24,EU
265,Namco Museum,GBA,2001.0,Misc,Namco Bandai Games,3.0,1.11,0.05,0.07,4.24,NA
266,Metal Gear Solid 3: Snake Eater,PS2,2004.0,Action,Konami Digital Entertainment,1.46,0.0,0.83,1.93,4.23,OTHER
267,Daxter,PSP,2006.0,Platform,Sony Computer Entertainment,2.45,1.02,0.0,0.75,4.22,NA
268,Warcraft II: Tides of Darkness,PC,1995.0,Strategy,Activision,1.7,2.27,0.0,0.23,4.21,EU
269,The Legend of Zelda: Ocarina of Time,3DS,2011.0,Action,Nintendo,2.03,1.27,0.62,0.3,4.21,NA
270,FIFA Soccer 06,PS2,2005.0,Sports,Electronic Arts,0.78,2.55,0.04,0.84,4.21,EU
271,EyeToy Play,PS2,2003.0,Misc,Sony Computer Entertainment,0.88,2.3,0.2,0.83,4.2,EU
272,Uncharted 4: A Thief's End,PS4,2016.0,Shooter,Sony Computer Entertainment,1.3,2.07,0.18,0.65,4.2,EU
273,Gran Turismo 5 Prologue,PS3,2007.0,Racing,Sony Computer Entertainment,1.28,1.83,0.57,0.53,4.2,EU
274,Assassin's Creed: Revelations,X360,2011.0,Action,Ubisoft,2.25,1.47,0.04,0.43,4.19,NA
275,Street Fighter IV,PS3,2009.0,Fighting,Capcom,2.02,1.06,0.58,0.53,4.19,NA
276,FIFA 12,X360,2011.0,Sports,Electronic Arts,0.84,2.79,0.02,0.53,4.19,EU
277,Teenage Mutant Ninja Turtles,NES,1989.0,Action,Palcom,3.38,0.44,0.31,0.04,4.17,NA
278,Excitebike,NES,1984.0,Racing,Nintendo,2.04,0.48,1.57,0.07,4.16,NA
279,Frogger,PS,1997.0,Action,Hasbro Interactive,3.79,0.27,0.0,0.11,4.16,NA
280,Madden NFL 2003,PS2,2002.0,Sports,Electronic Arts,3.36,0.21,0.01,0.56,4.14,NA
281,Watch Dogs,PS4,2014.0,Action,Ubisoft,1.4,1.86,0.11,0.77,4.14,EU
282,Half-Life,PC,1997.0,Shooter,Vivendi Games,4.03,0.0,0.09,0.0,4.12,NA
283,Super Mario World 2: Yoshi's Island,SNES,1995.0,Platform,Nintendo,1.65,0.61,1.76,0.09,4.12,JP
284,FIFA Soccer 07,PS2,2006.0,Sports,Electronic Arts,0.71,2.48,0.03,0.89,4.11,EU
285,The Legend of Zelda: Skyward Sword,Wii,2011.0,Action,Nintendo,2.14,1.2,0.37,0.4,4.1,NA
286,Street Fighter II Turbo,SNES,1992.0,Fighting,Capcom,1.42,0.51,2.1,0.07,4.1,JP
287,Carnival Games,Wii,2007.0,Misc,Take-Two Interactive,2.13,1.5,0.05,0.42,4.1,NA
288,Fallout 4,XOne,2015.0,Role-Playing,Bethesda Softworks,2.45,1.26,0.01,0.37,4.09,NA
289,World of Warcraft: The Burning Crusade,PC,2007.0,Role-Playing,Activision,2.57,1.52,0.0,0.0,4.09,NA
290,Fallout: New Vegas,X360,2010.0,Role-Playing,Bethesda Softworks,2.65,1.06,0.04,0.33,4.08,NA
291,God of War II,PS2,2007.0,Action,Sony Computer Entertainment,2.32,0.04,0.04,1.67,4.07,NA
292,Forza Motorsport 2,X360,2007.0,Racing,Microsoft Game Studios,2.35,1.28,0.03,0.41,4.06,NA
293,World Soccer Winning Eleven 9,PS2,2005.0,Sports,Konami Digital Entertainment,0.12,2.26,0.9,0.77,4.06,EU
294,Namco Museum Vol.3,PS,1996.0,Misc,Sony Computer Entertainment,2.28,1.55,0.16,0.06,4.05,NA
295,Tekken Tag Tournament,PS2,2000.0,Fighting,Namco Bandai Games,1.68,1.51,0.51,0.35,4.05,NA
296,Far Cry 4,PS4,2014.0,Shooter,Ubisoft,1.12,2.12,0.1,0.69,4.03,EU
297,Star Fox 64,N64,1997.0,Shooter,Nintendo,2.78,0.58,0.64,0.04,4.03,NA
298,Minecraft,PS4,2014.0,Misc,Sony Computer Entertainment Europe,1.38,1.87,0.12,0.65,4.02,EU
299,Golf,NES,1984.0,Sports,Nintendo,1.22,0.28,2.46,0.04,4.01,JP
300,Fallout 3,PS3,2008.0,Role-Playing,Bethesda Softworks,2.15,1.2,0.07,0.59,4.01,NA
301,Professor Layton and the Diabolical Box,DS,2007.0,Puzzle,Nintendo,0.92,1.78,0.92,0.37,4.0,EU
302,Left 4 Dead 2,X360,2009.0,Shooter,Electronic Arts,2.67,0.89,0.05,0.37,3.99,NA
303,Namco Museum: 50th Anniversary,PS2,2005.0,Misc,Namco Bandai Games,2.08,1.35,0.0,0.54,3.98,NA
304,EA Sports Active,Wii,2009.0,Sports,Electronic Arts,2.1,1.36,0.06,0.4,3.92,NA
305,Assassin's Creed: Unity,PS4,2014.0,Action,Ubisoft,1.18,1.96,0.08,0.7,3.92,EU
306,Donkey Kong Land,GB,1994.0,Platform,Nintendo,1.97,0.76,1.07,0.11,3.91,NA
307,Tony Hawk's Underground,PS2,2003.0,Sports,Activision,2.29,1.17,0.01,0.42,3.9,NA
308,Assassin's Creed IV: Black Flag,PS3,2013.0,Action,Ubisoft,1.33,1.71,0.13,0.73,3.89,EU
309,Monster Hunter 4 Ultimate,3DS,2014.0,Role-Playing,Nintendo,0.67,0.49,2.62,0.11,3.89,JP
310,MotorStorm,PS3,2006.0,Racing,Sony Computer Entertainment,1.53,1.61,0.06,0.67,3.88,EU
311,The Elder Scrolls V: Skyrim,PC,2011.0,Role-Playing,Bethesda Softworks,1.15,2.09,0.0,0.64,3.88,EU
312,Tekken 5,PS2,2005.0,Fighting,Namco Bandai Games,0.93,1.94,0.31,0.7,3.87,EU
313,Dragon Warrior III,NES,1988.0,Role-Playing,Enix Corporation,0.1,0.0,3.77,0.0,3.87,JP
314,Sports Champions,PS3,2010.0,Sports,Sony Computer Entertainment,2.12,1.14,0.1,0.51,3.87,NA
315,NBA 2K16,PS4,2015.0,Sports,Take-Two Interactive,2.48,0.65,0.03,0.69,3.85,NA
316,World Soccer Winning Eleven 8 International,PS2,2004.0,Sports,Konami Digital Entertainment,0.16,1.89,1.12,0.68,3.85,EU
317,Flash Focus: Vision Training in Minutes a Day,DS,2007.0,Misc,Nintendo,0.87,1.57,1.05,0.35,3.84,EU
318,Namco Museum Vol.1,PS,1995.0,Misc,Sony Computer Entertainment,2.12,1.44,0.22,0.06,3.84,NA
319,The Legend of Zelda: Link's Awakening,GB,1992.0,Action,Nintendo,2.21,0.96,0.54,0.13,3.83,NA
320,Mario & Luigi: Bowser's Inside Story,DS,2009.0,Role-Playing,Nintendo,2.26,0.48,0.81,0.27,3.83,NA
321,Big Brain Academy: Wii Degree,Wii,2007.0,Misc,Nintendo,1.06,1.93,0.41,0.43,3.82,EU
322,Nintendogs + cats,3DS,2011.0,Simulation,Nintendo,1.44,1.37,0.73,0.27,3.81,NA
323,Batman: Arkham Knight,PS4,2015.0,Action,Warner Bros. Interactive Entertainment,1.49,1.58,0.1,0.61,3.79,EU
324,Mario & Sonic at the London 2012 Olympic Games,Wii,2011.0,Sports,Sega,1.14,1.91,0.27,0.46,3.78,EU
325,LEGO Indiana Jones: The Original Adventures,X360,2008.0,Action,Activision,2.4,1.03,0.0,0.36,3.78,NA
326,Resident Evil Director's Cut,PS,1996.0,Action,Virgin Interactive,1.82,1.24,0.47,0.25,3.77,NA
327,Ratchet & Clank: Size Matters,PSP,2007.0,Platform,Sony Computer Entertainment,1.4,1.4,0.1,0.87,3.77,NA
328,Just Dance 2014,Wii,2013.0,Misc,Ubisoft,1.98,1.47,0.0,0.32,3.76,NA
329,The Sims: Unleashed,PC,2002.0,Simulation,Electronic Arts,2.03,1.56,0.0,0.17,3.76,NA
330,Super Paper Mario,Wii,2007.0,Platform,Nintendo,1.98,0.88,0.59,0.32,3.76,NA
331,Harry Potter and the Sorcerer's Stone,PS,2001.0,Action,Electronic Arts,1.37,2.0,0.14,0.22,3.73,EU
332,The Witcher 3: Wild Hunt,PS4,2015.0,Role-Playing,Namco Bandai Games,0.96,2.0,0.21,0.56,3.73,EU
333,Resident Evil 3: Nemesis,PS,1999.0,Action,Eidos Interactive,1.3,0.77,1.54,0.11,3.72,JP
334,Spyro: Year of the Dragon,PS,2000.0,Platform,Sony Computer Entertainment,1.93,1.58,0.0,0.19,3.71,NA
335,FIFA Soccer 2005,PS2,2004.0,Sports,Electronic Arts,0.58,2.48,0.04,0.59,3.7,EU
336,Pokémon Trading Card Game,GB,1998.0,Strategy,Nintendo,1.49,0.73,1.38,0.1,3.7,NA
337,Battlefield 4,PS3,2013.0,Shooter,Electronic Arts,1.3,1.51,0.27,0.61,3.69,EU
338,MySims,DS,2007.0,Simulation,Electronic Arts,1.59,1.61,0.08,0.41,3.69,EU
339,Friend Collection,DS,2009.0,Misc,Nintendo,0.0,0.0,3.67,0.0,3.67,JP
340,Tony Hawk's Pro Skater 4,PS2,2002.0,Sports,Activision,2.13,1.18,0.01,0.35,3.67,NA
341,Midnight Club 3: DUB Edition,PSP,2005.0,Racing,Take-Two Interactive,1.65,1.22,0.0,0.79,3.66,NA
342,Banjo-Kazooie,N64,1998.0,Platform,Nintendo,1.87,1.13,0.55,0.1,3.65,NA
343,SOCOM: U.S. Navy SEALs,PS2,2002.0,Shooter,Sony Computer Entertainment,2.53,0.81,0.06,0.24,3.65,NA
344,Guitar Hero: World Tour,Wii,2008.0,Misc,Activision,2.33,0.97,0.0,0.35,3.65,NA
345,Gran Turismo 6,PS3,2013.0,Racing,Sony Computer Entertainment,0.71,1.8,0.4,0.74,3.64,EU
346,Jak and Daxter: The Precursor Legacy,PS2,2001.0,Platform,Sony Computer Entertainment,2.08,1.09,0.15,0.33,3.64,NA
347,Pokemon Snap,N64,1999.0,Simulation,Nintendo,2.23,0.68,0.66,0.06,3.63,NA
348,FIFA Soccer 10,PS3,2009.0,Sports,Electronic Arts,0.6,2.46,0.05,0.52,3.63,EU
349,Pro Evolution Soccer 2008,PS2,2007.0,Sports,Konami Digital Entertainment,0.05,0.0,0.64,2.93,3.63,OTHER
350,Call of Duty: Ghosts,PS4,2013.0,Shooter,Activision,1.78,1.42,0.05,0.38,3.63,NA
351,Resident Evil 4,PS2,2005.0,Action,Capcom,2.08,0.83,0.46,0.25,3.62,NA
352,Tom Clancy's The Division,PS4,2016.0,Shooter,Ubisoft,1.28,1.61,0.15,0.57,3.61,EU
353,Star Wars: Battlefront,PS2,2004.0,Shooter,LucasArts,1.93,1.22,0.03,0.44,3.61,NA
354,Doom II: Hell on Earth,PC,1994.0,Shooter,Virgin Interactive,2.05,1.4,0.0,0.16,3.61,NA
355,The Simpsons: Road Rage,PS2,2001.0,Racing,Electronic Arts,2.02,1.17,0.0,0.42,3.61,NA
356,Cooking Mama 2: Dinner With Friends,DS,2007.0,Simulation,505 Games,1.61,1.5,0.1,0.39,3.61,NA
357,Luigi's Mansion,GC,2001.0,Action,Nintendo,2.38,0.67,0.46,0.1,3.6,NA
358,Star Wars: Battlefront II,PS2,2005.0,Shooter,LucasArts,2.18,1.02,0.03,0.37,3.59,NA
359,WWF SmackDown!,PS,2000.0,Fighting,THQ,2.01,1.35,0.06,0.16,3.58,NA
360,Croc: Legend of the Gobbos,PS,1997.0,Platform,Fox Interactive,1.57,1.79,0.0,0.2,3.56,EU
361,Grand Theft Auto: Liberty City Stories,PS2,2006.0,Action,Take-Two Interactive,1.56,1.4,0.07,0.5,3.54,NA
362,The Getaway,PS2,2002.0,Action,Sony Computer Entertainment,1.23,1.77,0.05,0.49,3.54,EU
363,Tomb Raider III: Adventures of Lara Croft,PS,1997.0,Action,Eidos Interactive,1.66,1.58,0.12,0.18,3.54,NA
364,James Bond 007: Agent Under Fire,PS2,2001.0,Shooter,Electronic Arts,1.9,1.13,0.1,0.41,3.53,NA
365,LEGO Star Wars: The Video Game,PS2,2005.0,Action,Eidos Interactive,1.98,1.14,0.01,0.41,3.53,NA
366,Battlefield 4,X360,2013.0,Shooter,Electronic Arts,2.14,1.08,0.02,0.29,3.53,NA
367,FIFA Soccer 11,X360,2010.0,Sports,Electronic Arts,0.71,2.4,0.02,0.4,3.53,EU
368,Rugrats in Paris: The Movie,PS,2000.0,Action,THQ,1.96,1.33,0.0,0.23,3.52,NA
369,Spyro 2: Ripto's Rage!,PS,1999.0,Platform,Sony Computer Entertainment,2.14,1.21,0.01,0.17,3.52,NA
370,Left 4 Dead,X360,2008.0,Shooter,Electronic Arts,2.66,0.5,0.05,0.3,3.52,NA
371,Mario & Sonic at the Olympic Winter Games,DS,2009.0,Sports,Sega,1.22,1.66,0.27,0.38,3.52,EU
372,Resident Evil 5,X360,2009.0,Action,Capcom,2.11,0.94,0.12,0.34,3.51,NA
373,Donkey Kong Country 3: Dixie Kong's Double Trouble!,SNES,1996.0,Platform,Nintendo,1.17,0.5,1.75,0.08,3.51,JP
374,Assassin's Creed: Brotherhood,X360,2010.0,Action,Ubisoft,2.84,0.39,0.03,0.24,3.5,NA
375,Kung Fu,NES,1985.0,Action,Nintendo,1.64,0.38,1.42,0.06,3.5,NA
376,Batman: Arkham Asylum,X360,2009.0,Action,Eidos Interactive,2.2,0.97,0.02,0.31,3.5,NA
377,Clubhouse Games,DS,2006.0,Misc,Nintendo,0.59,1.83,0.73,0.35,3.5,EU
378,FIFA Soccer 2004,PS2,,Sports,Electronic Arts,0.59,2.36,0.04,0.51,3.49,EU
379,Star Wars Battlefront (2015),XOne,2015.0,Shooter,Electronic Arts,1.94,1.22,0.02,0.31,3.49,NA
380,Battlefield: Bad Company 2,X360,2010.0,Shooter,Electronic Arts,2.09,1.02,0.04,0.32,3.48,NA
381,Guitar Hero: On Tour,DS,2008.0,Misc,Activision,2.11,1.01,0.01,0.35,3.48,NA
382,Assassin's Creed: Unity,XOne,2014.0,Action,Ubisoft,2.26,0.89,0.0,0.3,3.46,NA
383,Far Cry 3,PS3,2012.0,Shooter,Ubisoft,0.88,1.75,0.1,0.72,3.45,EU
384,Monster Hunter 4,3DS,2013.0,Role-Playing,Capcom,0.0,0.0,3.44,0.0,3.44,JP
385,Borderlands,X360,2009.0,Shooter,Take-Two Interactive,2.39,0.73,0.03,0.29,3.44,NA
386,Tekken 4,PS2,2002.0,Fighting,Namco Bandai Games,1.55,1.27,0.33,0.29,3.44,NA
387,Battlefield 4,PS4,2013.0,Shooter,Electronic Arts,1.34,1.54,0.17,0.38,3.43,EU
388,LittleBigPlanet 2,PS3,2011.0,Platform,Sony Computer Entertainment,1.82,1.07,0.06,0.47,3.42,NA
389,Grand Theft Auto 2,PS,1998.0,Action,Take-Two Interactive,1.13,2.07,0.0,0.22,3.42,EU
390,Final Fantasy III,SNES,1994.0,Role-Playing,SquareSoft,0.86,0.0,2.55,0.02,3.42,JP
391,Spider-Man 2,PS2,2004.0,Action,Activision,1.75,1.2,0.02,0.43,3.41,NA
392,F-1 Race,GB,1990.0,Racing,Nintendo,1.73,0.69,0.59,0.4,3.41,NA
393,FIFA Soccer 2003,PS2,2002.0,Sports,Electronic Arts,0.46,2.28,0.05,0.61,3.4,EU
394,Crash Bash,PS,2000.0,Misc,Sony Computer Entertainment,1.56,1.47,0.19,0.17,3.39,NA
395,LEGO Batman: The Videogame,X360,2008.0,Action,Warner Bros. Interactive Entertainment,2.03,1.03,0.0,0.32,3.38,NA
396,Metal Gear Solid V: The Phantom Pain,PS4,2015.0,Action,Konami Digital Entertainment,1.08,1.35,0.48,0.47,3.38,EU
397,The Legend of Zelda: Spirit Tracks,DS,2009.0,Action,Nintendo,1.43,0.94,0.74,0.27,3.38,NA
398,WWF War Zone,PS,1998.0,Fighting,Acclaim Entertainment,2.47,0.76,0.0,0.13,3.36,NA
399,The Legend of Zelda: Majora's Mask,N64,2000.0,Action,Nintendo,1.9,0.67,0.73,0.06,3.36,NA
400,Professor Layton and the Unwound Future,DS,2008.0,Puzzle,Nintendo,0.65,1.61,0.82,0.28,3.36,EU
401,Rugrats: Search For Reptar,PS,1998.0,Adventure,THQ,1.63,1.53,0.0,0.18,3.34,NA
402,Assassin's Creed IV: Black Flag,X360,2013.0,Action,Ubisoft,1.9,1.14,0.01,0.29,3.34,NA
403,English Training: Have Fun Improving Your Skills!,DS,2006.0,Misc,Nintendo,0.0,0.99,2.32,0.02,3.33,JP
404,James Bond 007: Nightfire,PS2,2002.0,Shooter,Electronic Arts,1.45,1.29,0.12,0.46,3.33,NA
405,Ratchet & Clank,PS2,2002.0,Platform,Sony Computer Entertainment,1.44,1.01,0.57,0.3,3.33,NA
406,Mario Party 9,Wii,2012.0,Misc,Nintendo,1.15,1.17,0.76,0.24,3.32,EU
407,Star Wars Episode III: Revenge of the Sith,PS2,2005.0,Action,LucasArts,1.47,1.39,0.03,0.43,3.32,NA
408,Max Payne,PS2,2001.0,Shooter,Take-Two Interactive,1.99,1.05,0.05,0.22,3.31,NA
409,The Lord of the Rings: The Return of the King,PS2,2003.0,Action,Electronic Arts,1.5,1.28,0.05,0.46,3.28,NA
410,Assassin's Creed Syndicate,PS4,2015.0,Action,Ubisoft,0.8,1.92,0.06,0.5,3.28,EU
411,Destiny,XOne,2014.0,Shooter,Activision,2.13,0.92,0.0,0.23,3.28,NA
412,True Crime: Streets of LA,PS2,2003.0,Action,Activision,1.89,1.05,0.02,0.31,3.27,NA
413,Wii Music,Wii,2008.0,Misc,Nintendo,1.36,1.13,0.46,0.32,3.27,NA
414,Gran Turismo (PSP),PSP,2009.0,Racing,Sony Computer Entertainment,0.5,1.59,0.31,0.87,3.27,EU
415,Monster Hunter X,3DS,2015.0,Action,Capcom,0.25,0.19,2.78,0.04,3.26,JP
416,Tekken,PS,1995.0,Fighting,Sony Computer Entertainment,0.95,1.3,0.77,0.22,3.24,EU
417,FIFA 16,XOne,2015.0,Sports,Electronic Arts,0.88,2.11,0.0,0.23,3.23,EU
418,L.A. Noire,PS3,2011.0,Adventure,Take-Two Interactive,1.27,1.33,0.12,0.51,3.23,EU
419,Madden NFL 16,PS4,2015.0,Sports,Electronic Arts,2.33,0.3,0.0,0.59,3.22,NA
420,Yokai Watch 2 Ganso/Honke,3DS,2014.0,Role-Playing,Nintendo,0.03,0.0,3.18,0.0,3.22,JP
421,007: Tomorrow Never Dies,PS,1999.0,Shooter,Electronic Arts,1.72,1.33,0.0,0.16,3.21,NA
422,Baseball,NES,1983.0,Sports,Nintendo,0.73,0.1,2.35,0.02,3.2,JP
423,Killer Instinct,SNES,1995.0,Fighting,Nintendo,2.26,0.72,0.12,0.1,3.2,NA
424,WWF SmackDown! 2: Know Your Role,PS,2000.0,Fighting,THQ,1.76,1.21,0.07,0.16,3.2,NA
425,Crisis Core: Final Fantasy VII,PSP,2007.0,Role-Playing,Square Enix,1.35,0.6,0.8,0.44,3.19,NA
426,God of War: Chains of Olympus,PSP,2008.0,Action,Sony Computer Entertainment,1.48,1.01,0.04,0.66,3.19,NA
427,Dragon Quest VI: Maboroshi no Daichi,SNES,1995.0,Role-Playing,Enix Corporation,0.0,0.0,3.19,0.0,3.19,JP
428,Dance Central,X360,2010.0,Misc,MTV Games,2.15,0.77,0.01,0.26,3.19,NA
429,Enter the Matrix,PS2,2003.0,Action,Atari,1.78,1.12,0.09,0.19,3.18,NA
430,Super Mario Maker,WiiU,2015.0,Platform,Nintendo,1.18,0.87,0.93,0.2,3.18,NA
431,Fallout: New Vegas,PS3,2010.0,Role-Playing,Bethesda Softworks,1.52,1.08,0.1,0.47,3.17,NA
432,LEGO Batman: The Videogame,Wii,,Action,Warner Bros. Interactive Entertainment,1.86,1.02,0.0,0.29,3.17,NA
433,Rhythm Heaven,DS,2008.0,Misc,Nintendo,0.58,0.51,1.93,0.14,3.17,JP
434,Ace Combat 04: Shattered Skies,PS2,2001.0,Simulation,Sony Computer Entertainment Europe,2.06,0.56,0.38,0.17,3.17,NA
435,Club Penguin: Elite Penguin Force,DS,2008.0,Adventure,Disney Interactive Studios,1.88,0.98,0.0,0.3,3.16,NA
436,Animal Crossing,GC,2001.0,Simulation,Nintendo,1.92,0.16,0.99,0.09,3.15,NA
437,LEGO Batman: The Videogame,DS,2008.0,Action,Warner Bros. Interactive Entertainment,1.79,1.06,0.0,0.29,3.15,NA
438,Sonic Rush,DS,2005.0,Platform,Sega,1.22,1.57,0.06,0.29,3.15,EU
439,Resident Evil 6,PS3,2012.0,Shooter,Capcom,0.88,0.97,0.88,0.42,3.15,EU
440,Halo: The Master Chief Collection,XOne,2014.0,Shooter,Microsoft Game Studios,1.89,0.99,0.03,0.24,3.15,NA
441,FIFA Soccer 08,PS2,2007.0,Sports,Electronic Arts,0.68,0.0,0.0,2.46,3.14,OTHER
442,Spider-Man,PS,2000.0,Action,Activision,1.7,1.25,0.02,0.16,3.13,NA
443,Need for Speed III: Hot Pursuit,PS,1998.0,Racing,Electronic Arts,2.14,0.86,0.0,0.13,3.12,NA
444,Star Wars Episode I Racer,N64,1999.0,Racing,Nintendo,2.31,0.62,0.14,0.04,3.12,NA
445,Personal Trainer: Cooking,DS,2006.0,Misc,Nintendo,0.91,1.0,1.03,0.17,3.12,JP
446,The Elder Scrolls IV: Oblivion,PS3,2007.0,Role-Playing,Ubisoft,1.69,0.87,0.14,0.42,3.12,NA
447,Dragon Warrior IV,NES,1990.0,Role-Playing,Enix Corporation,0.08,0.0,3.03,0.01,3.12,JP
448,Heavy Rain,PS3,2010.0,Adventure,Sony Computer Entertainment,1.29,1.27,0.06,0.5,3.12,NA
449,Mass Effect 2,X360,2010.0,Role-Playing,Electronic Arts,1.99,0.82,0.03,0.27,3.11,NA
450,FIFA 15,X360,2014.0,Sports,Electronic Arts,0.78,2.02,0.0,0.3,3.11,EU
451,Dragon Ball Z: Budokai,PS2,2002.0,Fighting,Atari,2.17,0.28,0.55,0.08,3.09,NA
452,Madden NFL 2002,PS2,2001.0,Sports,Electronic Arts,2.5,0.16,0.01,0.42,3.08,NA
453,World Class Track Meet,NES,1986.0,Sports,Namco Bandai Games,1.92,0.45,0.64,0.07,3.08,NA
454,Borderlands 2,X360,2012.0,Shooter,Take-Two Interactive,1.89,0.91,0.04,0.24,3.07,NA
455,The Legend of Zelda: A Link Between Worlds,3DS,2013.0,Action,Nintendo,1.4,0.99,0.46,0.22,3.07,NA
456,Donkey Kong,GB,1994.0,Platform,Nintendo,1.57,0.62,0.55,0.34,3.07,NA
457,The Sims: Vacation,PC,2002.0,Simulation,Electronic Arts,1.72,1.21,0.0,0.14,3.07,NA
458,Mass Effect 3,X360,2012.0,Role-Playing,Electronic Arts,1.94,0.86,0.03,0.24,3.07,NA
459,Kung Fu Panda,X360,2008.0,Action,Activision,1.91,0.84,0.0,0.29,3.05,NA
460,Far Cry 3,X360,2012.0,Shooter,Ubisoft,1.38,1.35,0.02,0.28,3.04,NA
461,Epic Mickey,Wii,2010.0,Platform,Disney Interactive Studios,2.06,0.64,0.12,0.22,3.04,NA
462,Saints Row 2,X360,2008.0,Action,THQ,1.94,0.8,0.02,0.27,3.03,NA
463,Rayman,PS,1995.0,Platform,Ubisoft,1.54,1.33,0.0,0.16,3.03,NA
464,Killzone 2,PS3,2009.0,Shooter,Sony Computer Entertainment,1.4,1.07,0.08,0.47,3.02,NA
465,Tom Clancy's Splinter Cell,XB,2002.0,Action,Ubisoft,1.85,1.04,0.0,0.13,3.02,NA
466,Mike Tyson's Punch-Out!!,NES,1987.0,Fighting,Nintendo,2.03,0.47,0.45,0.07,3.02,NA
467,WWE SmackDown! Shut Your Mouth,PS2,2002.0,Sports,THQ,1.45,1.13,0.07,0.38,3.02,NA
468,Gears of War: Ultimate Edition,XOne,2015.0,Shooter,Microsoft Game Studios,2.38,0.32,0.0,0.31,3.0,NA
469,NBA 2K13,X360,2012.0,Sports,Take-Two Interactive,2.6,0.21,0.01,0.19,3.0,NA
470,Dragon Ball Z: Budokai Tenkaichi 3,PS2,2007.0,Fighting,Atari,1.15,0.0,0.76,1.09,3.0,NA
471,wwe Smackdown vs. Raw 2006,PS2,,Fighting,,1.57,1.02,0.0,0.41,3.0,NA
472,Middle-Earth: Shadow of Mordor,PS4,2014.0,Action,Warner Bros. Interactive Entertainment,1.01,1.41,0.05,0.53,2.99,EU
473,Star Fox,SNES,1993.0,Shooter,Nintendo,1.61,0.51,0.8,0.07,2.99,NA
474,The Sims: Livin Large,PC,2000.0,Misc,Electronic Arts,1.67,1.18,0.0,0.13,2.99,NA
475,World Soccer Winning Eleven 6 International,PS2,2002.0,Sports,Konami Digital Entertainment,0.12,1.26,1.16,0.45,2.99,EU
476,Devil May Cry,PS2,2001.0,Action,Capcom,1.36,0.86,0.64,0.13,2.99,NA
477,Animal Crossing: Happy Home Designer,3DS,2015.0,Simulation,Nintendo,0.47,1.0,1.39,0.12,2.98,JP
478,Battlefield: Bad Company 2,PS3,2010.0,Shooter,Electronic Arts,1.33,1.12,0.08,0.45,2.97,NA
479,The Sims 4,PC,2014.0,Simulation,Electronic Arts,0.96,1.72,0.0,0.29,2.97,EU
480,Star Wars: The Old Republic,PC,2011.0,Role-Playing,Electronic Arts,1.58,1.01,0.0,0.38,2.97,NA
481,Sonic Heroes,PS2,2003.0,Platform,Sega,1.04,1.37,0.06,0.49,2.96,EU
482,Kirby Super Star Ultra,DS,2008.0,Platform,Nintendo,1.57,0.04,1.19,0.15,2.96,NA
483,Hitman 2: Silent Assassin,PS2,2002.0,Action,Eidos Interactive,1.36,1.15,0.04,0.41,2.96,NA
484,Street Fighter IV,X360,2009.0,Fighting,Capcom,1.82,0.71,0.15,0.26,2.95,NA
485,Wave Race 64,N64,1996.0,Racing,Nintendo,1.98,0.58,0.34,0.04,2.94,NA
486,SOCOM II: U.S. Navy SEALs,PS2,2003.0,Shooter,Sony Computer Entertainment,2.22,0.51,0.06,0.15,2.94,NA
487,WWE SmackDown! vs. RAW 2006,PS2,2005.0,Fighting,THQ,1.45,1.11,0.04,0.33,2.94,NA
488,inFAMOUS,PS3,2009.0,Action,Sony Computer Entertainment,1.76,0.69,0.12,0.37,2.94,NA
489,Pac-Man Collection,GBA,2001.0,Puzzle,Atari,2.07,0.77,0.05,0.05,2.94,NA
490,Mass Effect,X360,2007.0,Role-Playing,Microsoft Game Studios,1.83,0.8,0.03,0.27,2.93,NA
491,WarioWare: Smooth Moves,Wii,2006.0,Puzzle,Nintendo,0.87,1.06,0.73,0.26,2.92,EU
492,Cooking Mama: Cook Off,Wii,2007.0,Simulation,505 Games,1.43,1.13,0.05,0.3,2.91,NA
493,Super Mario World 2: Yoshi's Island,GBA,2002.0,Platform,Nintendo,1.75,0.45,0.62,0.09,2.91,NA
494,FIFA 14,PS4,2013.0,Sports,Electronic Arts,0.61,1.85,0.11,0.33,2.9,EU
495,Titanfall,XOne,2014.0,Shooter,Electronic Arts,1.84,0.8,0.04,0.22,2.9,NA
496,Sonic Mega Collection Plus,PS2,2004.0,Misc,Sega,1.54,1.14,0.0,0.22,2.9,NA
497,Sega Superstars Tennis,X360,2008.0,Sports,Sega,1.75,0.86,0.0,0.28,2.9,NA
498,World Soccer Winning Eleven 7 International,PS2,2003.0,Sports,Konami Digital Entertainment,0.08,1.24,1.13,0.45,2.9,EU
499,Need for Speed: Most Wanted,PS3,2012.0,Racing,Electronic Arts,0.71,1.51,0.06,0.61,2.89,EU
500,Hot Shots Golf 3,PS2,2001.0,Sports,Sony Computer Entertainment,0.99,0.32,1.38,0.2,2.89,JP
501,Call of Duty: Finest Hour,PS2,2004.0,Shooter,Activision,1.51,1.12,0.01,0.24,2.89,NA
502,Zumba Fitness 2,Wii,2011.0,Sports,Majesco Entertainment,1.54,1.07,0.0,0.28,2.88,NA
503,Syphon Filter,PS,1999.0,Shooter,Sony Computer Entertainment,2.03,0.72,0.02,0.11,2.88,NA
504,Imagine: Babyz,DS,2007.0,Simulation,Ubisoft,1.3,1.27,0.0,0.31,2.88,NA
505,Colin McRae Rally,PS,1998.0,Racing,Codemasters,0.09,2.43,0.12,0.22,2.87,EU
506,Call of Duty: Ghosts,XOne,2013.0,Shooter,Activision,1.87,0.77,0.0,0.22,2.86,NA
507,Madden NFL 13,X360,2012.0,Sports,Electronic Arts,2.53,0.16,0.0,0.17,2.86,NA
508,The Elder Scrolls III: Morrowind,XB,2002.0,Role-Playing,Ubisoft,2.09,0.63,0.03,0.11,2.86,NA
509,Mortal Kombat,PS3,2011.0,Fighting,Warner Bros. Interactive Entertainment,1.98,0.55,0.0,0.32,2.85,NA
510,F-Zero,SNES,1990.0,Racing,Nintendo,1.37,0.51,0.89,0.07,2.85,NA
511,Yoshi's Story,N64,1997.0,Platform,Nintendo,1.29,0.53,0.98,0.05,2.85,NA
512,Command & Conquer: Red Alert,PC,1996.0,Strategy,Virgin Interactive,1.37,1.34,0.0,0.14,2.85,NA
513,Skylanders: Spyro's Adventure,Wii,2011.0,Action,Activision,1.4,1.14,0.0,0.31,2.85,NA
514,FIFA 16,PS3,2015.0,Sports,Electronic Arts,0.4,1.98,0.05,0.42,2.85,EU
515,Assassin's Creed: Brotherhood,PS3,2010.0,Action,Ubisoft,1.87,0.57,0.11,0.3,2.84,NA
516,BioShock,X360,2007.0,Shooter,Take-Two Interactive,1.65,0.86,0.05,0.28,2.83,NA
517,Madden NFL 10,X360,2009.0,Sports,Electronic Arts,2.52,0.09,0.0,0.22,2.83,NA
518,Medal of Honor,PS3,2010.0,Shooter,Electronic Arts,1.28,1.05,0.07,0.43,2.83,NA
519,WWE SmackDown! vs. Raw,PS2,2002.0,Fighting,THQ,1.32,1.08,0.04,0.39,2.83,NA
520,Metroid Prime,GC,2002.0,Shooter,Nintendo,1.96,0.67,0.1,0.09,2.82,NA
521,Finding Nemo,GBA,2003.0,Action,THQ,1.59,1.05,0.04,0.14,2.82,NA
522,Myst,PC,1994.0,Adventure,Red Orb,0.02,2.79,0.0,0.0,2.81,EU
523,Need for Speed: Hot Pursuit,PS3,2010.0,Racing,Electronic Arts,1.05,1.25,0.03,0.48,2.81,EU
524,Imagine: Fashion Designer,DS,2007.0,Simulation,Ubisoft,1.32,1.19,0.0,0.3,2.81,NA
525,WWE SmackDown! Here Comes the Pain,PS2,2003.0,Fighting,THQ,1.32,1.06,0.04,0.38,2.8,NA
526,Star Wars: The Force Unleashed,X360,2008.0,Action,LucasArts,1.74,0.8,0.0,0.26,2.8,NA
527,Yoshi's Island DS,DS,2006.0,Platform,Nintendo,1.47,0.07,1.1,0.15,2.8,NA
528,Hot Shots Golf,PS,1997.0,Sports,Sony Computer Entertainment,0.29,0.2,2.13,0.18,2.79,JP
529,Killzone 3,PS3,2011.0,Shooter,Sony Computer Entertainment,1.45,0.88,0.09,0.38,2.79,NA
530,A Bug's Life,PS,1998.0,Platform,Sony Computer Entertainment,1.96,0.72,0.0,0.11,2.79,NA
531,WWF SmackDown! Just Bring It,PS2,2001.0,Fighting,THQ,1.19,1.15,0.04,0.41,2.79,NA
532,Dragon Quest V: Tenkuu no Hanayome,SNES,1992.0,Role-Playing,Enix Corporation,0.0,0.0,2.78,0.01,2.79,JP
533,Mortal Kombat Trilogy,PS,1996.0,Fighting,GT Interactive,1.98,0.7,0.0,0.11,2.79,NA
534,Battlefield 3,PC,2011.0,Shooter,Electronic Arts,0.89,1.43,0.0,0.48,2.79,EU
535,NBA Street,PS2,2001.0,Sports,Electronic Arts,2.19,0.22,0.0,0.38,2.79,NA
536,Professor Layton and the Last Specter,DS,2009.0,Puzzle,Nintendo,0.3,1.47,0.68,0.34,2.79,EU
537,Monster Hunter Tri,3DS,2011.0,Role-Playing,Nintendo,0.46,0.29,1.96,0.07,2.79,JP
538,Jak II,PS2,2003.0,Platform,Sony Computer Entertainment,1.68,0.74,0.0,0.36,2.78,NA
539,inFAMOUS: Second Son,PS4,2014.0,Action,Sony Computer Entertainment,1.27,0.97,0.07,0.47,2.78,NA
540,Ratchet & Clank: Going Commando,PS2,2003.0,Platform,Sony Computer Entertainment,1.44,0.83,0.26,0.25,2.78,NA
541,Tekken 6,PS3,2009.0,Fighting,Namco Bandai Games,1.2,0.98,0.17,0.43,2.78,NA
542,The Sims,PS2,2003.0,Simulation,Electronic Arts,1.41,1.12,0.0,0.24,2.77,NA
543,Sonic and the Secret Rings,Wii,2007.0,Platform,Sega,1.24,1.2,0.04,0.3,2.77,NA
544,Saints Row: The Third,X360,2011.0,Action,THQ,1.25,1.15,0.07,0.3,2.77,NA
545,Missile Command,2600,1980.0,Shooter,Atari,2.56,0.17,0.0,0.03,2.76,NA
546,Mario Paint,SNES,1992.0,Misc,Nintendo,1.43,0.54,0.71,0.07,2.75,NA
547,Assassin's Creed IV: Black Flag,PS4,2013.0,Action,Ubisoft,1.07,1.31,0.06,0.31,2.74,EU
548,Pokémon Stadium 2,N64,2000.0,Strategy,Nintendo,1.02,0.36,1.13,0.23,2.73,JP
549,Metroid,NES,1986.0,Action,Nintendo,1.33,0.31,1.04,0.05,2.73,NA
550,L.A. Noire,X360,2011.0,Adventure,Take-Two Interactive,1.52,0.94,0.02,0.24,2.72,NA
551,Call of Duty 3,X360,2006.0,Shooter,Activision,1.49,0.93,0.02,0.27,2.71,NA
552,The Legend of Zelda: A Link to the Past,GBA,2002.0,Action,Nintendo,1.75,0.52,0.33,0.1,2.7,NA
553,Onimusha: Warlords,PS2,2001.0,Action,Virgin Interactive,0.99,0.48,1.09,0.14,2.7,JP
554,Mortal Kombat X,PS4,2015.0,Fighting,Warner Bros. Interactive Entertainment,1.47,0.76,0.0,0.47,2.7,NA
555,Mario Party,N64,1998.0,Misc,Nintendo,1.25,0.53,0.87,0.05,2.7,NA
556,Madden NFL 12,X360,2011.0,Sports,Electronic Arts,2.42,0.11,0.0,0.16,2.69,NA
557,LEGO Star Wars II: The Original Trilogy,PS2,2006.0,Action,LucasArts,1.85,0.64,0.01,0.19,2.69,NA
558,Madden NFL 11,X360,2010.0,Sports,Electronic Arts,2.38,0.12,0.0,0.18,2.69,NA
559,Mario vs. Donkey Kong: Mini-Land Mayhem!,DS,2010.0,Puzzle,Nintendo,1.63,0.52,0.35,0.18,2.69,NA
560,Skate 3,X360,2010.0,Sports,Electronic Arts,1.46,0.98,0.0,0.24,2.68,NA
561,Burnout 3: Takedown,PS2,2004.0,Racing,Electronic Arts,1.23,1.11,0.0,0.34,2.68,NA
562,Yokai Watch 2 Shinuchi,3DS,2014.0,Role-Playing,Level 5,0.0,0.0,2.68,0.0,2.68,JP
563,Need for Speed: Shift,PS3,2009.0,Racing,Electronic Arts,0.69,1.41,0.04,0.53,2.68,EU
564,Final Fantasy XIII-2,PS3,2011.0,Role-Playing,Square Enix,0.78,0.75,0.89,0.26,2.68,JP
565,Mortal Kombat,GEN,1992.0,Fighting,Arena Entertainment,1.95,0.63,0.0,0.09,2.67,NA
566,Call Of Duty 2: Big Red One,PS2,2005.0,Shooter,Activision,1.48,0.92,0.01,0.26,2.67,NA
567,Guitar Hero: World Tour,X360,2008.0,Misc,Activision,1.78,0.64,0.0,0.25,2.67,NA
568,Medal of Honor,PS,1998.0,Shooter,Electronic Arts,1.44,1.09,0.0,0.14,2.67,NA
569,Fable,XB,2004.0,Role-Playing,Microsoft Game Studios,1.99,0.58,0.0,0.09,2.66,NA
570,Hannah Montana,DS,2006.0,Action,Disney Interactive Studios,1.59,0.8,0.0,0.26,2.65,NA
571,Tom Clancy's Splinter Cell,PS2,2003.0,Action,Ubisoft,1.15,1.11,0.0,0.4,2.65,NA
572,Skylanders Giants,Wii,2012.0,Action,Activision,1.56,0.88,0.0,0.22,2.65,NA
573,Medal of Honor Heroes,PSP,2006.0,Shooter,Electronic Arts,0.86,1.11,0.01,0.66,2.65,EU
574,Super Mario Bros.: The Lost Levels,NES,1986.0,Platform,Nintendo,0.0,0.0,2.65,0.0,2.65,JP
575,Star Wars: Shadows of the Empire,N64,1996.0,Action,Nintendo,2.0,0.5,0.12,0.03,2.65,NA
576,LEGO Star Wars: The Complete Saga,X360,2007.0,Action,LucasArts,1.53,0.87,0.0,0.24,2.64,NA
577,Midnight Club: Street Racing,PS2,2000.0,Racing,Take-Two Interactive,2.0,0.47,0.02,0.14,2.63,NA
578,Pac-Man: Adventures in Time,PSP,2006.0,Fighting,Sony Computer Entertainment,0.76,1.1,0.12,0.65,2.63,EU
579,Halo Wars,X360,2009.0,Strategy,Microsoft Game Studios,1.53,0.82,0.04,0.24,2.63,NA
580,God of War Collection,PS3,2009.0,Action,Sony Computer Entertainment,1.7,0.46,0.06,0.41,2.63,NA
581,ESPN NFL 2K5,PS2,2004.0,Sports,Sega,2.15,0.12,0.0,0.36,2.62,NA
582,Mario Strikers Charged,Wii,2007.0,Sports,Nintendo,1.07,1.06,0.24,0.25,2.62,NA
583,Medal of Honor,X360,2010.0,Shooter,Electronic Arts,1.55,0.81,0.04,0.21,2.62,NA
584,FIFA Soccer 10,X360,2009.0,Sports,Electronic Arts,0.59,1.79,0.01,0.23,2.62,EU
585,NBA 2K12,X360,2011.0,Sports,Take-Two Interactive,2.31,0.14,0.01,0.16,2.62,NA
586,Style Savvy,DS,2008.0,Simulation,Nintendo,0.63,0.84,0.96,0.19,2.61,JP
587,Harry Potter and the Chamber of Secrets,PS2,2002.0,Action,Electronic Arts,0.9,1.22,0.04,0.44,2.61,EU
588,Super Mario All-Stars: Limited Edition,Wii,2010.0,Platform,Nintendo,1.02,0.52,0.92,0.14,2.6,NA
589,Streets of Rage,GEN,1990.0,Action,Sega,1.86,0.55,0.11,0.08,2.6,NA
590,FIFA Soccer 09,PS3,2008.0,Sports,Electronic Arts,0.48,1.63,0.04,0.43,2.59,EU
591,Ratchet & Clank Future: Tools of Destruction,PS3,2007.0,Platform,Sony Computer Entertainment,0.93,1.12,0.08,0.45,2.59,EU
592,NBA Live 2005,PS2,2004.0,Sports,Electronic Arts,2.03,0.21,0.0,0.35,2.59,NA
593,LittleBigPlanet,PSP,2009.0,Platform,Sony Computer Entertainment,0.64,1.24,0.01,0.69,2.58,EU
594,Killzone: Shadow Fall,PS4,2013.0,Shooter,Sony Computer Entertainment,0.89,1.33,0.07,0.28,2.58,EU
595,Ghostbusters: The Video Game (DS Version),X360,2009.0,Action,Take-Two Interactive,1.04,1.24,0.03,0.27,2.58,EU
596,Monster Hunter Freedom 2,PSP,2007.0,Role-Playing,Capcom,0.37,0.27,1.75,0.18,2.58,JP
597,WWE SmackDown vs. RAW 2007,PS2,2006.0,Fighting,THQ,1.4,0.88,0.03,0.26,2.58,NA
598,Ratchet & Clank: Up Your Arsenal,PS2,2004.0,Platform,Sony Computer Entertainment,1.31,0.74,0.31,0.22,2.57,NA
599,Art Academy,DS,2010.0,Misc,Nintendo,0.28,1.68,0.33,0.28,2.57,EU
600,Dragon Age: Origins,X360,2009.0,Role-Playing,Electronic Arts,1.76,0.56,0.03,0.22,2.57,NA
601,Madden NFL 08,PS2,2007.0,Sports,Electronic Arts,2.14,0.08,0.0,0.35,2.57,NA
602,Sonic Adventure 2 Battle,GC,2001.0,Platform,Sega,1.7,0.59,0.21,0.07,2.56,NA
603,Dragon Warrior II,NES,1987.0,Role-Playing,Enix Corporation,0.15,0.0,2.41,0.0,2.56,JP
604,Madden NFL 13,PS3,2012.0,Sports,Electronic Arts,2.11,0.23,0.0,0.22,2.56,NA
605,Pokémon Colosseum,GC,2003.0,Role-Playing,Nintendo,1.21,0.57,0.7,0.07,2.54,NA
606,Deca Sports,Wii,2008.0,Sports,Konami Digital Entertainment,1.13,0.87,0.29,0.25,2.54,NA
607,Madden NFL 09,X360,2008.0,Sports,Electronic Arts,2.21,0.12,0.0,0.2,2.54,NA
608,Space Invaders,2600,,Shooter,Atari,2.36,0.14,0.0,0.03,2.53,NA
609,Crazy Taxi,PS2,2001.0,Racing,Acclaim Entertainment,1.13,1.12,0.06,0.22,2.52,NA
610,Perfect Dark,N64,2000.0,Action,Nintendo,1.55,0.75,0.16,0.06,2.52,NA
611,Game Party,Wii,2007.0,Misc,Midway Games,1.5,0.78,0.0,0.24,2.52,NA
612,Dragon Warrior,NES,1986.0,Role-Playing,Capcom,0.49,0.0,0.52,1.51,2.52,OTHER
613,Tomb Raider (2013),PS3,2013.0,Action,Square Enix,0.6,1.31,0.08,0.52,2.51,EU
614,Marvel: Ultimate Alliance,X360,2006.0,Role-Playing,Activision,2.29,0.02,0.0,0.19,2.5,NA
615,PES 2009: Pro Evolution Soccer,PS2,2008.0,Sports,Konami Digital Entertainment,0.13,0.07,0.26,2.05,2.5,OTHER
616,Mario Party 2,N64,1999.0,Misc,Nintendo,1.28,0.14,1.08,0.01,2.5,NA
617,Saints Row: The Third,PS3,2011.0,Action,THQ,0.86,1.06,0.18,0.39,2.49,EU
618,Rockstar Games Double Pack: Grand Theft Auto III & Grand Theft Auto Vice City,XB,2003.0,Action,Take-Two Interactive,1.84,0.56,0.0,0.09,2.49,NA
619,LEGO Harry Potter: Years 1-4,Wii,2010.0,Action,Warner Bros. Interactive Entertainment,1.29,0.97,0.0,0.23,2.49,NA
620,Mortal Kombat: Deadly Alliance,PS2,2002.0,Fighting,Midway Games,1.81,0.52,0.0,0.15,2.49,NA
621,Resistance 2,PS3,2008.0,Shooter,Sony Computer Entertainment,1.15,0.85,0.1,0.39,2.48,NA
622,Pure,X360,2008.0,Racing,Disney Interactive Studios,1.38,0.85,0.0,0.25,2.48,NA
623,Tomb Raider: The Last Revelation,PS,1998.0,Action,Eidos Interactive,1.15,1.14,0.06,0.13,2.48,NA
624,NBA 2K13,PS3,2012.0,Sports,Take-Two Interactive,1.72,0.44,0.05,0.27,2.48,NA
625,Rock Band,X360,,Misc,Electronic Arts,1.93,0.34,0.0,0.21,2.48,NA
626,NBA 2K14,X360,2013.0,Sports,Take-Two Interactive,2.1,0.2,0.0,0.17,2.47,NA
627,Mario Party 4,GC,2002.0,Misc,Nintendo,1.13,0.36,0.92,0.07,2.47,NA
628,uDraw Studio,Wii,2010.0,Misc,THQ,1.67,0.58,0.0,0.2,2.46,NA
629,Midnight Club: Los Angeles,PS3,2008.0,Racing,Take-Two Interactive,1.55,0.54,0.05,0.31,2.45,NA
630,Final Fantasy V,SNES,1992.0,Role-Playing,SquareSoft,0.0,0.0,2.43,0.02,2.45,JP
631,Final Fantasy Tactics,PS,1997.0,Role-Playing,SquareSoft,0.93,0.12,1.34,0.06,2.45,JP
632,Twisted Metal 2,PS,1996.0,Racing,Sony Computer Entertainment,2.12,0.25,0.0,0.07,2.44,NA
633,Halo: Combat Evolved Anniversary,X360,2011.0,Shooter,Microsoft Game Studios,1.44,0.73,0.04,0.22,2.44,NA
634,Need for Speed Carbon: Own the City,PSP,2006.0,Racing,Electronic Arts,0.87,0.98,0.0,0.59,2.44,EU
635,The Sims: Bustin' Out,PS2,2003.0,Simulation,Electronic Arts,1.07,1.19,0.0,0.18,2.43,EU
636,Riven: The Sequel to Myst,PC,1997.0,Adventure,Red Orb,1.52,0.82,0.0,0.1,2.43,NA
637,Tom Clancy's Rainbow Six: Vegas 2,X360,2008.0,Shooter,Ubisoft,1.56,0.61,0.02,0.23,2.42,NA
638,Sonic Adventure,DC,1998.0,Platform,Sega,1.26,0.61,0.46,0.08,2.42,NA
639,Ice Hockey,NES,1988.0,Sports,Nintendo,1.27,0.32,0.78,0.05,2.42,NA
640,pro evolution soccer 2011,PS3,2010.0,Sports,Konami Digital Entertainment,0.29,1.18,0.54,0.41,2.42,EU
641,Dragon Ball Z: Budokai 2,PS2,2003.0,Fighting,Atari,1.63,0.22,0.51,0.06,2.41,NA
642,ATV Offroad Fury,PS2,2001.0,Racing,Sony Computer Entertainment,2.07,0.26,0.0,0.08,2.41,NA
643,Dino Crisis,PS,1998.0,Action,Capcom,0.81,0.76,0.7,0.14,2.41,NA
644,Minecraft,XOne,2014.0,Misc,Microsoft Game Studios,1.43,0.76,0.0,0.22,2.41,NA
645,Need for Speed: ProStreet,PS2,2007.0,Racing,Electronic Arts,0.69,0.0,0.04,1.68,2.41,OTHER
646,Madden NFL 16,XOne,2015.0,Sports,Electronic Arts,2.07,0.08,0.0,0.26,2.4,NA
647,Tetris Plus,PS,1996.0,Puzzle,JVC,2.1,0.24,0.0,0.07,2.4,NA
648,Pro Wrestling,NES,1987.0,Fighting,Nintendo,0.77,0.18,1.42,0.03,2.4,JP
649,Theme Hospital,PC,1997.0,Strategy,Electronic Arts,2.3,0.1,0.0,0.0,2.4,NA
650,Frogger's Adventures: Temple of the Frog,GBA,,Adventure,Konami Digital Entertainment,2.15,0.18,0.0,0.07,2.39,NA
651,Need for Speed (2015),PS4,2015.0,Racing,Electronic Arts,0.49,1.49,0.05,0.36,2.39,EU
652,Zumba Fitness,X360,2010.0,Sports,505 Games,1.74,0.48,0.0,0.18,2.39,NA
653,LEGO Indiana Jones: The Original Adventures,Wii,,Action,LucasArts,1.54,0.63,0.0,0.22,2.39,NA
655,Monopoly,PC,1994.0,Misc,Hasbro Interactive,1.49,0.81,0.0,0.1,2.39,NA
656,Batman: Arkham Origins,PS3,2013.0,Action,Warner Bros. Interactive Entertainment,1.07,0.87,0.04,0.4,2.39,NA
657,Dead Island,X360,2011.0,Action,Deep Silver,1.48,0.71,0.0,0.2,2.39,NA
658,Guitar Hero,PS2,2005.0,Misc,RedOctane,1.67,0.61,0.03,0.07,2.38,NA
659,LEGO Star Wars: The Complete Saga,PS3,2007.0,Action,LucasArts,1.02,0.97,0.0,0.39,2.38,NA
660,Kinect: Disneyland Adventures,X360,2011.0,Misc,Microsoft Game Studios,1.73,0.46,0.02,0.18,2.38,NA
661,WCW/nWo Revenge,N64,1998.0,Fighting,THQ,1.94,0.39,0.03,0.02,2.38,NA
662,Bloodborne,PS4,2015.0,Action,Sony Computer Entertainment,1.0,0.76,0.26,0.36,2.38,NA
663,NBA 2K15,PS4,2014.0,Sports,Take-Two Interactive,1.46,0.54,0.01,0.37,2.38,NA
664,Madden NFL 11,PS3,2010.0,Sports,Electronic Arts,2.04,0.15,0.0,0.19,2.38,NA
665,Yu-Gi-Oh! The Duelists of the Roses,PS2,2001.0,Misc,Konami Digital Entertainment,1.16,0.91,0.0,0.3,2.38,NA
666,Madden NFL 08,X360,2007.0,Sports,Electronic Arts,2.18,0.01,0.0,0.18,2.37,NA
667,Half-Life 2,PC,2004.0,Shooter,Vivendi Games,2.28,0.02,0.08,0.0,2.37,NA
668,The Incredibles,PS2,2004.0,Action,THQ,0.96,1.08,0.04,0.3,2.37,EU
669,Tony Hawk's Underground 2,PS2,2004.0,Sports,Activision,1.25,0.86,0.01,0.26,2.37,NA
670,Madden NFL 10,PS3,2009.0,Sports,Electronic Arts,2.03,0.13,0.0,0.21,2.37,NA
671,Kinect Sports: Season Two,X360,2011.0,Sports,Microsoft Game Studios,1.38,0.74,0.02,0.22,2.36,NA
672,Kirby's Dream Land 2,GB,1995.0,Platform,Nintendo,0.69,0.14,1.48,0.05,2.36,JP
673,LEGO Harry Potter: Years 1-4,DS,2010.0,Action,Warner Bros. Interactive Entertainment,1.07,1.05,0.0,0.23,2.35,NA
674,Donkey Kong Land II,GB,1996.0,Platform,Nintendo,1.39,0.48,0.4,0.08,2.35,NA
675,Dragon Warrior Monsters,GB,1998.0,Role-Playing,Eidos Interactive,0.0,0.0,2.34,0.01,2.35,JP
676,Midnight Club: Los Angeles,X360,2008.0,Racing,Take-Two Interactive,1.68,0.46,0.01,0.2,2.35,NA
677,Skylanders SWAP Force,Wii,2013.0,Platform,Activision,1.32,0.83,0.0,0.2,2.34,NA
678,WWE SmackDown vs Raw 2008,PS2,2007.0,Fighting,THQ,0.92,0.0,0.01,1.41,2.34,OTHER
679,My Fitness Coach,Wii,2008.0,Sports,Ubisoft,1.2,0.9,0.0,0.24,2.34,NA
680,Resident Evil - Code: Veronica X,PS2,2001.0,Action,Capcom,1.08,0.7,0.34,0.21,2.34,NA
681,The Sims 3,X360,2010.0,Simulation,Electronic Arts,1.27,0.86,0.0,0.2,2.33,NA
682,The Legend of Zelda: Majora's Mask 3D,3DS,2015.0,Action,Nintendo,1.14,0.54,0.47,0.17,2.32,NA
683,NBA 2K16,XOne,2015.0,Sports,Take-Two Interactive,1.93,0.14,0.0,0.24,2.32,NA
684,Just Dance Kids,Wii,2010.0,Misc,Ubisoft,1.57,0.56,0.0,0.19,2.32,NA
685,Mario Tennis,N64,2000.0,Sports,Nintendo,0.78,0.4,1.06,0.07,2.32,JP
686,Grand Theft Auto,PS,1997.0,Action,Take-Two Interactive,0.79,1.35,0.04,0.14,2.32,EU
687,James Bond 007: Everything or Nothing,PS2,2004.0,Shooter,Electronic Arts,0.85,1.06,0.09,0.32,2.31,EU
688,WarioWare Touched!,DS,2004.0,Puzzle,Nintendo,0.52,0.45,1.21,0.13,2.31,JP
689,Need For Speed: High Stakes,PS,1999.0,Racing,Electronic Arts,1.58,0.64,0.0,0.09,2.31,NA
690,Chrono Trigger,SNES,1995.0,Role-Playing,SquareSoft,0.28,0.0,2.02,0.01,2.31,JP
691,Cool Boarders 3,PS,1998.0,Sports,989 Studios,1.65,0.46,0.1,0.1,2.31,NA
692,LEGO Marvel Super Heroes,X360,2013.0,Action,Warner Bros. Interactive Entertainment,1.24,0.85,0.0,0.21,2.3,NA
693,Guild Wars 2,PC,2012.0,Action,NCSoft,0.95,1.06,0.0,0.29,2.3,EU
694,Pokemon Ranger: Shadows of Almia,DS,2008.0,Role-Playing,Nintendo,0.95,0.54,0.62,0.18,2.3,NA
695,Dead Island,PS3,2011.0,Action,Deep Silver,1.08,0.75,0.15,0.31,2.29,NA
696,Tomb Raider II,PC,1997.0,Action,Eidos Interactive,0.91,1.25,0.0,0.13,2.29,EU
697,God of War: Ascension,PS3,2013.0,Action,Sony Computer Entertainment,1.23,0.68,0.04,0.34,2.29,NA
698,Need for Speed Underground 2,XB,2004.0,Racing,Electronic Arts,1.38,0.8,0.0,0.1,2.28,NA
699,Pro Evolution Soccer 2010,PS3,2009.0,Sports,Konami Digital Entertainment,0.3,1.27,0.46,0.26,2.28,EU
700,Just Dance 2015,Wii,2014.0,Misc,Ubisoft,1.11,0.98,0.0,0.2,2.28,NA
701,Yokai Watch Busters,3DS,2015.0,Action,Level 5,0.0,0.0,2.28,0.0,2.28,JP
702,Mario Bros.,NES,1983.0,Platform,Nintendo,0.51,0.12,1.63,0.02,2.28,JP
703,FIFA Soccer 09,PS2,2008.0,Sports,Electronic Arts,0.38,0.07,0.01,1.82,2.28,OTHER
704,Star Wars: The Force Unleashed,PS3,2008.0,Action,LucasArts,1.01,0.9,0.0,0.37,2.28,NA
705,Borderlands 2,PS3,2012.0,Shooter,Take-Two Interactive,1.05,0.77,0.1,0.36,2.28,NA
706,TOCA Touring Car Championship,PS,1997.0,Racing,Codemasters,0.07,2.0,0.02,0.18,2.28,EU
707,Paper Mario: Sticker Star,3DS,2012.0,Role-Playing,Nintendo,1.12,0.39,0.64,0.12,2.27,NA
708,Sonic's Ultimate Genesis Collection,PS3,2009.0,Misc,Sega,1.34,0.62,0.0,0.31,2.27,NA
709,Super Monkey Ball: Banana Blitz,Wii,2006.0,Misc,Sega,1.07,0.92,0.04,0.24,2.27,NA
710,Kirby: Nightmare in Dream Land,GBA,2002.0,Platform,Nintendo,1.22,0.1,0.91,0.04,2.27,NA
711,Wario Land 4,GBA,2001.0,Platform,Nintendo,0.9,0.73,0.54,0.09,2.26,NA
712,Guitar Hero III: Legends of Rock,PS3,2007.0,Misc,Activision,1.4,0.54,0.02,0.3,2.26,NA
713,Call of Duty 3,Wii,,Shooter,Activision,1.19,0.84,0.0,0.23,2.26,NA
714,Resident Evil 4,Wii,2007.0,Action,Capcom,1.34,0.57,0.14,0.21,2.26,NA
715,Minecraft,PSV,2014.0,Misc,Sony Computer Entertainment Europe,0.28,0.79,0.87,0.32,2.25,JP
716,Onimusha 2: Samurai's Destiny,PS2,2002.0,Adventure,Capcom,0.62,0.44,1.06,0.13,2.25,JP
717,Cool Boarders 2,PS,1997.0,Sports,UEP Systems,1.52,0.46,0.2,0.08,2.25,NA
718,Paper Mario: The Thousand-Year Door,GC,2004.0,Role-Playing,Nintendo,1.48,0.25,0.46,0.06,2.25,NA
719,Madden NFL 12,PS3,2011.0,Sports,Electronic Arts,1.93,0.15,0.0,0.17,2.25,NA
720,Monster Hunter Tri,Wii,2009.0,Role-Playing,Nintendo,0.67,0.41,1.05,0.11,2.25,JP
721,Dissidia: Final Fantasy,PSP,2008.0,Fighting,Square Enix,0.51,0.51,0.91,0.32,2.25,JP
722,Sonic Advance,GBA,2001.0,Platform,Sega,1.19,0.71,0.22,0.13,2.24,NA
723,Spyro: Season of Ice,GBA,2001.0,Platform,Vivendi Games,1.29,0.83,0.0,0.11,2.23,NA
724,Teenage Mutant Ninja Turtles II: The Arcade Game,NES,1990.0,Action,Konami Digital Entertainment,1.74,0.25,0.21,0.03,2.23,NA
725,LEGO Indiana Jones: The Original Adventures,DS,2008.0,Action,Activision,1.42,0.61,0.0,0.21,2.23,NA
726,Dance Dance Revolution X2,PS2,2009.0,Simulation,Konami Digital Entertainment,1.09,0.85,0.0,0.28,2.23,NA
727,New Super Luigi U,WiiU,2013.0,Platform,Nintendo,1.27,0.62,0.18,0.16,2.22,NA
728,Prince of Persia: The Sands of Time,PS2,2003.0,Action,Ubisoft,0.88,1.03,0.0,0.31,2.22,EU
729,Scribblenauts,DS,2009.0,Puzzle,Warner Bros. Interactive Entertainment,1.71,0.32,0.02,0.18,2.22,NA
730,The Legend of Zelda: Link's Awakening DX,GB,1998.0,Adventure,Nintendo,1.0,0.63,0.45,0.13,2.22,NA
731,Need for Speed: Hot Pursuit,X360,2010.0,Racing,Electronic Arts,1.03,0.98,0.0,0.21,2.22,NA
732,BioShock 2,X360,2010.0,Shooter,Take-Two Interactive,1.45,0.55,0.02,0.19,2.21,NA
733,Assassin's Creed IV: Black Flag,XOne,2013.0,Action,Ubisoft,1.47,0.55,0.0,0.19,2.21,NA
734,Devil May Cry 3: Dante's Awakening Special Edition,PS2,2006.0,Action,Capcom,1.06,0.82,0.05,0.28,2.21,NA
735,Rock Band 2,X360,2008.0,Misc,Electronic Arts,1.78,0.24,0.0,0.18,2.2,NA
736,Frogger,2600,1981.0,Action,Parker Bros.,2.06,0.12,0.0,0.02,2.2,NA
737,Guitar Hero II,X360,2007.0,Misc,Activision,2.01,0.02,0.0,0.17,2.2,NA
738,Wario Land 3,GB,2000.0,Platform,Nintendo,1.11,0.51,0.34,0.23,2.2,NA
739,Pro Yakyuu Family Stadium,NES,1986.0,Sports,Namco Bandai Games,0.15,0.0,2.05,0.0,2.2,JP
740,Sonic Unleashed,Wii,2008.0,Platform,Sega,1.28,0.68,0.02,0.21,2.2,NA
741,High School Musical: Makin' the Cut!,DS,2007.0,Puzzle,Disney Interactive Studios,1.06,0.91,0.0,0.23,2.2,NA
742,Pro Evolution Soccer 2012,PS3,2011.0,Action,Konami Digital Entertainment,0.34,0.97,0.55,0.33,2.19,EU
743,Saints Row,X360,2006.0,Action,THQ,1.17,0.78,0.02,0.22,2.19,NA
744,Star Wars: Knights of the Old Republic,XB,2003.0,Role-Playing,Activision,1.68,0.44,0.0,0.08,2.19,NA
745,Kirby's Pinball Land,GB,1992.0,Misc,Nintendo,0.87,0.17,1.1,0.05,2.19,JP
746,Donkey Kong Country,GB,2000.0,Platform,Nintendo,1.04,0.72,0.3,0.13,2.19,NA
747,Hitman: Absolution,PS3,2012.0,Action,Square Enix,0.59,1.07,0.07,0.45,2.19,EU
748,Yu-Gi-Oh: Duel Monsters 4,GB,2000.0,Role-Playing,Konami Digital Entertainment,0.0,0.0,2.17,0.01,2.18,JP
749,ATV Offroad Fury 2,PS2,2002.0,Racing,THQ,1.92,0.2,0.0,0.06,2.18,NA
750,Forza Motorsport 5,XOne,2013.0,Racing,Microsoft Game Studios,1.21,0.78,0.01,0.17,2.18,NA
751,Madden NFL 25,X360,2013.0,Sports,Electronic Arts,1.97,0.07,0.0,0.13,2.18,NA
752,Pokemon Ranger,DS,2006.0,Role-Playing,Nintendo,1.29,0.04,0.73,0.12,2.18,NA
753,Mario & Luigi: Superstar Saga,GBA,2003.0,Role-Playing,Nintendo,1.48,0.17,0.47,0.06,2.17,NA
754,Final Fantasy XIII,X360,2010.0,Role-Playing,Square Enix,1.27,0.68,0.01,0.2,2.17,NA
755,Star Wars: Rogue Squadron,N64,1998.0,Simulation,Nintendo,1.6,0.46,0.08,0.03,2.17,NA
756,Tennis,NES,1984.0,Sports,Nintendo,0.48,0.11,1.56,0.02,2.17,JP
757,The Sims: House Party,PC,2001.0,Simulation,Electronic Arts,1.23,0.83,0.0,0.1,2.16,NA
758,Your Shape featuring Jenny McCarthy,Wii,2009.0,Sports,Ubisoft,1.51,0.47,0.0,0.18,2.16,NA
759,Syphon Filter 2,PS,2000.0,Shooter,Sony Computer Entertainment,1.5,0.55,0.02,0.08,2.15,NA
760,Tom Clancy's Rainbow Six: Siege,PS4,2015.0,Shooter,Ubisoft,0.54,1.16,0.13,0.32,2.15,EU
761,Volleyball,NES,1987.0,Sports,Nintendo,0.14,0.03,1.98,0.0,2.15,JP
762,FIFA 15,XOne,2014.0,Sports,Electronic Arts,0.6,1.41,0.0,0.14,2.15,EU
763,Call of Duty: Roads to Victory,PSP,2007.0,Shooter,Activision,0.52,1.03,0.0,0.59,2.14,EU
764,Super Mario RPG: Legend of the Seven Stars,SNES,1996.0,Role-Playing,Nintendo,0.66,0.0,1.45,0.03,2.14,JP
765,Mahjong,NES,1983.0,Misc,Nintendo,0.01,0.0,2.13,0.0,2.14,JP
766,R.C. Pro-Am,NES,1988.0,Racing,Nintendo,1.47,0.38,0.19,0.1,2.14,NA
767,SimCity 2000,PC,1992.0,Simulation,Maxis,1.2,0.84,0.0,0.1,2.14,NA
768,Demon Attack,2600,1981.0,Shooter,Imagic,1.99,0.12,0.0,0.02,2.13,NA
769,Dance Dance Revolution Extreme,PS2,2004.0,Simulation,Konami Digital Entertainment,1.04,0.81,0.0,0.27,2.13,NA
770,Tetris DS,DS,2006.0,Puzzle,Nintendo,0.64,0.07,1.35,0.08,2.13,JP
771,Final Fantasy Tactics Advance,GBA,2003.0,Role-Playing,SquareSoft,0.82,0.37,0.89,0.05,2.13,JP
772,Far Cry: Primal,PS4,2016.0,Action,Ubisoft,0.59,1.16,0.06,0.33,2.13,EU
773,Toy Story 3: The Video Game,DS,2010.0,Action,Disney Interactive Studios,0.93,0.97,0.02,0.21,2.12,EU
774,Final Fantasy III,DS,2006.0,Role-Playing,Square Enix,0.91,0.05,1.07,0.09,2.12,JP
775,Kirby's Epic Yarn,Wii,2010.0,Platform,Nintendo,1.47,0.09,0.45,0.11,2.12,NA
776,Project Gotham Racing,XB,2001.0,Racing,Microsoft Game Studios,1.37,0.61,0.05,0.09,2.12,NA
777,Golf,GB,1989.0,Sports,Nintendo,0.83,0.33,0.92,0.04,2.12,JP
778,NBA 2K12,PS3,2011.0,Sports,Take-Two Interactive,1.61,0.27,0.05,0.18,2.11,NA
779,Borderlands,PS3,2009.0,Shooter,Take-Two Interactive,1.2,0.62,0.0,0.29,2.11,NA
780,Tony Hawk's Pro Skater,N64,2000.0,Sports,Activision,1.68,0.4,0.0,0.03,2.11,NA
781,PES 2009: Pro Evolution Soccer,PS3,2008.0,Sports,Konami Digital Entertainment,0.11,1.34,0.4,0.26,2.11,EU
782,Need for Speed: Hot Pursuit 2,PS2,2002.0,Racing,Electronic Arts,1.68,0.31,0.02,0.09,2.11,NA
783,Mario Sports Mix,Wii,2010.0,Sports,Nintendo,0.9,0.45,0.63,0.13,2.11,NA
784,Rock Band,Wii,,Misc,MTV Games,1.35,0.56,0.0,0.2,2.11,NA
785,Dynasty Warriors 4,PS2,2003.0,Action,Tecmo Koei,0.63,0.21,1.13,0.13,2.11,JP
786,Mortal Kombat,X360,2011.0,Fighting,Warner Bros. Interactive Entertainment,1.63,0.33,0.0,0.15,2.11,NA
787,Parasite Eve,PS,1998.0,Role-Playing,SquareSoft,0.94,0.07,1.05,0.04,2.1,JP
788,Scooby-Doo! Night of 100 Frights,PS2,2002.0,Platform,THQ,1.17,0.72,0.0,0.22,2.1,NA
789,Project Gotham Racing (JP weekly sales),XB,2002.0,Action,Microsoft Game Studios,1.54,0.44,0.04,0.07,2.1,NA
790,Need for Speed: Most Wanted 5-1-0,PSP,2005.0,Racing,Electronic Arts,1.77,0.13,0.02,0.18,2.1,NA
791,Portal 2,X360,2011.0,Shooter,Valve Software,1.41,0.51,0.01,0.17,2.1,NA
792,Devil May Cry 3: Dante's Awakening,PS2,2005.0,Action,Capcom,0.99,0.63,0.29,0.19,2.09,NA
793,Derby Stallion,PS,1997.0,Sports,ASCII Entertainment,0.0,0.0,1.96,0.14,2.09,JP
794,Dead Rising,X360,2006.0,Action,Capcom,1.16,0.65,0.08,0.2,2.09,NA
795,Finding Nemo,PS2,2003.0,Action,THQ,1.26,0.6,0.05,0.18,2.09,NA
796,NBA 2K11,X360,2010.0,Action,Take-Two Interactive,1.84,0.12,0.01,0.13,2.09,NA
797,Wipeout: The Game,Wii,2009.0,Misc,Mindscape,1.97,0.0,0.0,0.12,2.09,NA
798,The Sims 2: Pets,DS,2006.0,Simulation,Electronic Arts,0.92,0.94,0.0,0.22,2.09,EU
799,Battlefield: Hardline,PS4,2015.0,Shooter,Electronic Arts,0.7,0.93,0.14,0.32,2.09,EU
800,Metal Gear Solid: Peace Walker,PSP,2010.0,Action,Konami Digital Entertainment,0.46,0.42,0.96,0.25,2.09,JP
801,World of Warcraft: Cataclysm,PC,2010.0,Role-Playing,Activision,1.77,0.32,0.0,0.0,2.08,NA
802,Tetris Worlds,PS2,2002.0,Puzzle,THQ,1.11,0.71,0.0,0.27,2.08,NA
803,Need For Speed: Undercover,PS3,2008.0,Racing,Electronic Arts,0.63,1.02,0.05,0.39,2.08,EU
804,Dance Dance Revolution: Hottest Party,Wii,2007.0,Simulation,Konami Digital Entertainment,1.36,0.52,0.0,0.2,2.08,NA
805,Mario Party 5,GC,2003.0,Misc,Nintendo,0.97,0.33,0.73,0.06,2.08,NA
806,Ghostbusters: The Video Game (DS Version),PS3,2010.0,Action,Take-Two Interactive,0.59,0.99,0.13,0.36,2.08,EU
807,Sim Theme Park,PC,1998.0,Strategy,Electronic Arts,2.04,0.04,0.0,0.0,2.08,NA
808,Warcraft: Orcs & Humans,PC,1994.0,Strategy,Activision,0.89,1.08,0.0,0.11,2.08,EU
809,Skate 3,PS3,2010.0,Sports,Electronic Arts,0.79,0.94,0.0,0.35,2.08,EU
810,Spec Ops: Airborne Commando,PS,2002.0,Shooter,Take-Two Interactive,1.54,0.46,0.0,0.08,2.07,NA
811,Kingdom Hearts: Birth by Sleep,PSP,2010.0,Role-Playing,Square Enix,0.63,0.42,0.75,0.26,2.07,JP
812,UFC 2009 Undisputed,X360,2009.0,Fighting,THQ,1.48,0.39,0.0,0.19,2.07,NA
813,Dark Souls,PS3,2011.0,Role-Playing,Namco Bandai Games,0.75,0.54,0.54,0.23,2.07,NA
814,Yu-Gi-Oh! The Eternal Duelist Soul,GBA,2001.0,Strategy,Konami Digital Entertainment,1.64,0.36,0.0,0.07,2.07,NA
815,Need for Speed: ProStreet,X360,2007.0,Racing,Electronic Arts,1.04,0.8,0.01,0.22,2.06,NA
816,The Sims 3,PS3,2010.0,Simulation,Electronic Arts,0.73,0.97,0.02,0.34,2.06,EU
817,Tom Clancy's Splinter Cell: Conviction,X360,2010.0,Action,Ubisoft,1.2,0.63,0.04,0.19,2.06,NA
818,Pokemon Mystery Dungeon: Red/Blue Rescue Team,GBA,2005.0,Role-Playing,Nintendo,0.71,0.52,0.74,0.08,2.06,JP
819,The Incredibles,GBA,2004.0,Action,THQ,1.15,0.77,0.04,0.1,2.06,NA
820,R4: Ridge Racer Type 4,PS,1998.0,Racing,Namco Bandai Games,0.68,0.46,0.79,0.13,2.06,JP
821,SoulCalibur II,PS2,2003.0,Fighting,Namco Bandai Games,1.06,0.62,0.13,0.25,2.06,NA
822,Mario & Luigi: Dream Team,3DS,2013.0,Role-Playing,Nintendo,0.89,0.57,0.46,0.13,2.06,NA
823,Need for Speed: ProStreet,PS3,2007.0,Racing,Electronic Arts,0.73,0.92,0.04,0.37,2.05,EU
824,Carnival Games,DS,2008.0,Misc,Take-Two Interactive,1.23,0.64,0.0,0.19,2.05,NA
825,NBA 2K14,PS3,2013.0,Sports,Take-Two Interactive,1.43,0.33,0.04,0.25,2.05,NA
826,Pokémon Mystery Dungeon: Blue Rescue Team,DS,2005.0,Role-Playing,Nintendo,1.16,0.06,0.83,0.0,2.05,NA
827,Sonic Mega Collection,GC,2002.0,Misc,Infogrames,1.47,0.48,0.05,0.06,2.05,NA
828,Diablo III,PS3,2013.0,Role-Playing,Activision,0.71,0.83,0.15,0.35,2.05,EU
829,NBA Jam,GEN,1992.0,Sports,Arena Entertainment,1.75,0.25,0.0,0.05,2.05,NA
830,PGR4 - Project Gotham Racing 4,X360,2007.0,Racing,Microsoft Game Studios,0.48,1.29,0.02,0.25,2.05,EU
831,Kingdom Hearts 358/2 Days,DS,2009.0,Role-Playing,Square Enix,1.11,0.27,0.53,0.14,2.04,NA
832,Dance Central 2,X360,2011.0,Misc,Microsoft Game Studios,1.45,0.42,0.01,0.16,2.04,NA
833,Rayman Raving Rabbids: TV Party,Wii,2008.0,Misc,Ubisoft,0.73,1.09,0.0,0.23,2.04,EU
834,SOCOM: U.S. Navy SEALs: Combined Assault,PS2,2006.0,Shooter,Sony Computer Entertainment,1.74,0.02,0.0,0.28,2.04,NA
835,Peter Jackson's King Kong: The Official Game of the Movie,PS2,2005.0,Action,Ubisoft,0.71,1.02,0.0,0.31,2.04,EU
836,Donkey Kong Country,GBA,2003.0,Platform,Nintendo,1.2,0.48,0.29,0.07,2.04,NA
837,Need for Speed: The Run,PS3,2011.0,Action,Electronic Arts,0.58,1.06,0.03,0.37,2.04,EU
838,Madden NFL 15,PS4,2014.0,Sports,Electronic Arts,1.53,0.25,0.0,0.25,2.03,NA
839,1080°: TenEighty Snowboarding,N64,1998.0,Sports,Nintendo,1.25,0.61,0.13,0.05,2.03,NA
840,Just Dance 3,X360,2011.0,Misc,Ubisoft,1.47,0.4,0.0,0.16,2.03,NA
841,NBA Live 2004,PS2,2003.0,Sports,Electronic Arts,1.57,0.18,0.0,0.27,2.03,NA
842,Dead Space,PS3,2008.0,Action,Electronic Arts,1.05,0.67,0.0,0.3,2.02,NA
843,Call of Duty 2,X360,2005.0,Shooter,Activision,1.81,0.05,0.01,0.15,2.02,NA
844,Madden NFL 15,X360,2014.0,Sports,Electronic Arts,1.76,0.09,0.0,0.17,2.02,NA
845,Forza Horizon,X360,2012.0,Racing,Microsoft Game Studios,0.82,0.98,0.04,0.18,2.02,EU
846,TouchMaster,DS,2007.0,Puzzle,Midway Games,0.49,1.27,0.0,0.25,2.01,EU
847,Tom Clancy's The Division,XOne,2016.0,Shooter,Ubisoft,1.2,0.62,0.0,0.18,2.01,NA
848,LEGO Marvel Super Heroes,PS3,2013.0,Action,Warner Bros. Interactive Entertainment,0.77,0.85,0.01,0.37,2.0,EU
849,Fire Emblem: Awakening,3DS,2012.0,Role-Playing,Nintendo,0.89,0.45,0.53,0.13,2.0,NA
850,DriveClub,PS4,2014.0,Racing,Sony Computer Entertainment,0.35,1.31,0.02,0.33,2.0,EU
851,Super Street Fighter II,SNES,1993.0,Fighting,Nintendo,0.52,0.16,1.29,0.03,2.0,JP
852,Mortal Kombat vs. DC Universe,PS3,2008.0,Fighting,Midway Games,1.48,0.3,0.0,0.22,2.0,NA
853,Tenchu: Stealth Assassins,PS,1997.0,Action,Activision,0.95,0.64,0.27,0.13,1.99,NA
854,Tennis,GB,1989.0,Sports,Nintendo,0.75,0.3,0.9,0.04,1.99,JP
855,Harry Potter and the Chamber of Secrets,GBA,2002.0,Action,Electronic Arts,1.21,0.64,0.05,0.09,1.99,NA
856,Harry Potter and the Chamber of Secrets,PS,2002.0,Action,Electronic Arts,0.75,1.09,0.02,0.12,1.98,EU
857,SimCity,SNES,1991.0,Simulation,Nintendo,0.93,0.27,0.75,0.04,1.98,NA
858,Battlefield 4,XOne,2013.0,Shooter,Electronic Arts,1.25,0.58,0.0,0.16,1.98,NA
859,Resident Evil 6,X360,2012.0,Shooter,Capcom,1.11,0.63,0.07,0.16,1.98,NA
860,Dragon Age: Inquisition,PS4,2014.0,Role-Playing,Electronic Arts,0.72,0.86,0.08,0.32,1.97,EU
861,Sonic Classic Collection,DS,2010.0,Platform,Sega,0.99,0.8,0.0,0.18,1.97,NA
862,Spyro: Enter the Dragonfly,PS2,2002.0,Platform,Universal Interactive,0.74,0.95,0.0,0.28,1.97,EU
863,Call of Duty: World at War,Wii,2008.0,Shooter,Activision,1.2,0.59,0.0,0.19,1.97,NA
864,Devil May Cry 2,PS2,2003.0,Action,Capcom,0.71,0.58,0.51,0.17,1.97,NA
865,Burnout Paradise,PS3,2008.0,Racing,Electronic Arts,1.01,0.64,0.02,0.3,1.97,NA
866,E.T.: The Extra Terrestrial,2600,1981.0,Action,Atari,1.84,0.11,0.0,0.02,1.97,NA
867,BioShock Infinite,X360,2013.0,Shooter,Take-Two Interactive,1.22,0.57,0.02,0.15,1.96,NA
868,Hot Shots Golf: Open Tee,PSP,2004.0,Sports,Sony Computer Entertainment,0.5,0.5,0.63,0.33,1.96,JP
869,Rad Racer,NES,1986.0,Racing,Nintendo,1.13,0.37,0.41,0.05,1.96,NA
870,Soccer,NES,1985.0,Sports,Nintendo,0.18,0.23,1.53,0.02,1.96,JP
871,Kirby Squeak Squad,DS,2006.0,Platform,Nintendo,0.79,0.03,1.05,0.08,1.96,JP
872,Tom Clancy's Rainbow Six: Vegas,X360,2006.0,Shooter,Ubisoft,1.09,0.65,0.02,0.2,1.96,NA
873,Destiny,X360,2014.0,Shooter,Activision,1.3,0.49,0.0,0.16,1.95,NA
874,Crash Nitro Kart,PS2,2003.0,Racing,Vivendi Games,0.74,1.01,0.0,0.2,1.95,EU
875,Grand Theft Auto: San Andreas,XB,2005.0,Action,Take-Two Interactive,1.26,0.61,0.0,0.09,1.95,NA
876,Star Wars: Dark Forces,PC,1994.0,Shooter,LucasArts,1.09,0.77,0.0,0.09,1.95,NA
877,NBA Street Vol. 2,PS2,2003.0,Sports,Electronic Arts,1.69,0.2,0.0,0.06,1.95,NA
878,Def Jam Vendetta,PS2,2003.0,Fighting,Electronic Arts,0.95,0.74,0.0,0.25,1.94,NA
879,FIFA Soccer 09,X360,2008.0,Sports,Electronic Arts,0.49,1.26,0.01,0.18,1.94,EU
880,Who wants to be a millionaire,PC,1999.0,Misc,Disney Interactive Studios,1.94,0.0,0.0,0.0,1.94,NA
881,Scooby Doo and the Cyber Chase,PS,2001.0,Adventure,THQ,0.59,1.23,0.0,0.13,1.94,EU
882,Alleyway,GB,1989.0,Puzzle,Nintendo,0.96,0.38,0.55,0.05,1.94,NA
883,Dragon Ball Z: Budokai 3,PS2,2004.0,Fighting,Atari,1.09,0.15,0.65,0.04,1.94,NA
884,Jet Moto 2,PS,1997.0,Racing,Sony Computer Entertainment,1.41,0.42,0.03,0.07,1.94,NA
885,Tom Clancy's Ghost Recon,PS2,2002.0,Shooter,Ubisoft,1.42,0.4,0.0,0.12,1.94,NA
886,X-Men Legends,PS2,2004.0,Role-Playing,Activision,1.0,0.72,0.0,0.21,1.93,NA
887,Batman: Arkham Origins,X360,2013.0,Action,Warner Bros. Interactive Entertainment,1.15,0.61,0.0,0.17,1.93,NA
888,Guitar Hero: World Tour,PS3,2008.0,Misc,Activision,1.1,0.56,0.0,0.27,1.93,NA
889,Mortal Kombat II,SNES,1993.0,Fighting,Acclaim Entertainment,1.48,0.39,0.0,0.06,1.93,NA
890,Virtua Fighter 2,SAT,1995.0,Fighting,Sega,0.34,0.26,1.3,0.03,1.93,JP
891,Tetris DX,GB,1998.0,Puzzle,Nintendo,1.06,0.6,0.2,0.07,1.93,NA
892,Mortal Kombat vs. DC Universe,X360,2008.0,Fighting,Midway Games,1.53,0.24,0.0,0.16,1.93,NA
893,Watch Dogs,PS3,2014.0,Action,Ubisoft,0.56,0.89,0.1,0.37,1.93,EU
894,Mario Super Sluggers,Wii,2008.0,Sports,Nintendo,1.51,0.0,0.29,0.12,1.93,NA
895,Tomb Raider (2013),X360,2013.0,Action,Square Enix,0.86,0.87,0.01,0.17,1.92,EU
896,The Legend of Zelda: Oracle of Ages,GB,2001.0,Action,Nintendo,0.92,0.53,0.41,0.06,1.92,NA
897,Need for Speed: Shift,X360,2009.0,Racing,Electronic Arts,0.73,0.97,0.01,0.22,1.92,EU
898,Monopoly,Wii,2008.0,Misc,Electronic Arts,0.87,0.85,0.0,0.2,1.92,NA
899,Red Faction,PS2,2001.0,Shooter,THQ,0.76,0.96,0.0,0.2,1.92,EU
900,The Sims: Makin' Magic,PC,2003.0,Simulation,Electronic Arts,1.03,0.8,0.0,0.09,1.92,NA
901,MX Unleashed,PS2,2004.0,Racing,THQ,0.94,0.73,0.0,0.25,1.92,NA
902,PaRappa The Rapper,PS,1996.0,Misc,Sony Computer Entertainment,0.26,0.16,1.46,0.03,1.92,JP
903,Toy Story Mania!,Wii,2009.0,Misc,Disney Interactive Studios,1.06,0.67,0.0,0.18,1.92,NA
904,Mario Party 3,N64,2000.0,Misc,Nintendo,0.72,0.16,1.01,0.02,1.91,JP
905,Star Wars: The Force Unleashed,Wii,2008.0,Action,LucasArts,1.14,0.57,0.0,0.19,1.91,NA
906,Game Party 2,Wii,2008.0,Misc,Midway Games,1.3,0.44,0.0,0.17,1.91,NA
907,Destiny: The Taken King,PS4,2015.0,Shooter,Activision,0.77,0.78,0.04,0.31,1.91,EU
908,LEGO Star Wars III: The Clone Wars,Wii,2011.0,Action,LucasArts,1.08,0.66,0.0,0.17,1.91,NA
909,Star Wars Rogue Leader: Rogue Squadron II,GC,2001.0,Simulation,LucasArts,1.03,0.75,0.03,0.09,1.9,NA
910,Max Payne 3,PS3,2012.0,Shooter,Take-Two Interactive,0.59,0.92,0.06,0.32,1.9,EU
911,Need for Speed Rivals,PS4,2013.0,Racing,Electronic Arts,0.73,0.91,0.03,0.22,1.89,EU
912,Madden NFL 09,PS3,2008.0,Sports,Electronic Arts,1.56,0.15,0.0,0.18,1.89,NA
913,Yokai Watch,3DS,2013.0,Role-Playing,Nintendo,0.21,0.3,1.33,0.04,1.89,JP
914,Ratchet & Clank Future: A Crack in Time,PS3,2009.0,Platform,Sony Computer Entertainment,1.05,0.54,0.03,0.26,1.88,NA
915,Yu-Gi-Oh! Forbidden Memories,PS,1999.0,Role-Playing,Konami Digital Entertainment,1.37,0.44,0.0,0.08,1.88,NA
916,Mortal Kombat: Deception,PS2,2004.0,Fighting,Midway Games,0.92,0.72,0.0,0.24,1.88,NA
917,Hot Shots Golf 2,PS,1999.0,Sports,Sony Computer Entertainment,0.25,0.12,1.48,0.03,1.88,JP
918,Medal of Honor: European Assault (All Region sales),PS2,2005.0,Shooter,Electronic Arts,0.89,0.69,0.09,0.21,1.88,NA
919,WCW Nitro,PS,1998.0,Fighting,THQ,1.42,0.36,0.03,0.07,1.88,NA
920,High School Musical: Sing It!,PS2,2007.0,Misc,Disney Interactive Studios,0.47,0.08,0.0,1.33,1.87,OTHER
921,Star Fox Adventures,GC,2002.0,Adventure,Nintendo,0.96,0.53,0.3,0.09,1.87,NA
922,FIFA 2000,PS,1998.0,Sports,Electronic Arts,0.22,1.47,0.04,0.14,1.87,EU
923,Dynasty Warriors 3,PS2,2001.0,Action,THQ,0.53,0.16,1.07,0.1,1.87,JP
924,Donkey Kong Country Returns,3DS,2013.0,Platform,Nintendo,0.73,0.62,0.4,0.12,1.87,NA
925,The Legend of Zelda: Oracle of Seasons,GB,2001.0,Adventure,Nintendo,0.87,0.52,0.41,0.06,1.86,NA
926,Madden NFL 06,XB,2005.0,Sports,Electronic Arts,1.75,0.03,0.0,0.08,1.86,NA
927,Shrek 2,PS2,2004.0,Platform,Activision,1.12,0.69,0.03,0.02,1.86,NA
928,The Legend of Dragoon,PS,1999.0,Role-Playing,Sony Computer Entertainment,0.94,0.44,0.39,0.1,1.86,NA
929,Turok 2: Seeds of Evil,N64,1997.0,Platform,Acclaim Entertainment,1.37,0.41,0.04,0.04,1.86,NA
930,SingStar,PS2,2004.0,Misc,Sony Computer Entertainment,0.0,1.37,0.0,0.49,1.86,EU
931,LittleBigPlanet 3,PS4,2014.0,Platform,Sony Computer Entertainment,0.64,0.92,0.01,0.29,1.86,EU
932,NBA Live 2002,PS2,2001.0,Sports,Electronic Arts,0.91,0.71,0.0,0.24,1.86,NA
933,Phineas and Ferb,DS,2009.0,Action,Disney Interactive Studios,1.34,0.37,0.0,0.15,1.86,NA
934,Chrono Cross,PS,1999.0,Role-Playing,SquareSoft,0.62,0.42,0.69,0.12,1.86,JP
935,GoldenEye 007 (2010),Wii,2010.0,Action,Activision,0.85,0.71,0.13,0.16,1.86,NA
936,Mario Party: Island Tour,3DS,2013.0,Misc,Nintendo,0.61,0.59,0.55,0.11,1.85,NA
937,Jak 3,PS2,2004.0,Platform,Sony Computer Entertainment,1.33,0.49,0.0,0.03,1.85,NA
938,Rayman Raving Rabbids 2,Wii,2007.0,Misc,Ubisoft,0.83,0.82,0.0,0.2,1.85,NA
939,Kingdom Hearts: Chain of Memories,GBA,2004.0,Role-Playing,Square Enix,1.26,0.18,0.35,0.06,1.85,NA
940,Pinball,NES,1984.0,Action,Nintendo,0.8,0.19,0.83,0.03,1.85,JP
941,inFAMOUS 2,PS3,2011.0,Action,Sony Computer Entertainment,1.05,0.49,0.08,0.23,1.85,NA
942,Gran Turismo Concept 2001 Tokyo,PS2,2001.0,Racing,Unknown,0.0,1.1,0.42,0.33,1.84,EU
943,Demon's Souls,PS3,2009.0,Role-Playing,Namco Bandai Games,0.97,0.34,0.35,0.18,1.84,NA
944,NCAA Football 06,PS2,2005.0,Sports,Electronic Arts,1.53,0.05,0.0,0.25,1.84,NA
945,"Hey You, Pikachu!",N64,1998.0,Simulation,Nintendo,0.83,0.06,0.93,0.0,1.83,JP
946,2 Games in 1: Sonic Advance & ChuChu Rocket!,GBA,2005.0,Misc,THQ,1.31,0.49,0.0,0.03,1.83,NA
947,World of Warcraft: Mists of Pandaria,PC,2012.0,Role-Playing,Activision,0.84,0.76,0.0,0.23,1.83,NA
948,Jet Moto,PS,1996.0,Racing,Sony Computer Entertainment,1.33,0.4,0.03,0.07,1.83,NA
949,Just Cause 3,PS4,2015.0,Action,Square Enix,0.46,1.02,0.07,0.28,1.83,EU
950,Secret of Mana,SNES,1993.0,Role-Playing,SquareSoft,0.25,0.07,1.49,0.02,1.83,JP
951,The Orange Box,X360,2007.0,Shooter,Electronic Arts,1.09,0.54,0.02,0.17,1.83,NA
952,Air Combat,PS,1995.0,Simulation,Sony Computer Entertainment,0.92,0.33,0.52,0.05,1.83,NA
953,Kirby: Triple Deluxe,3DS,2014.0,Platform,Nintendo,0.61,0.34,0.79,0.09,1.82,JP
954,Sonic & Knuckles,GEN,1994.0,Platform,Sega,1.24,0.43,0.03,0.12,1.82,NA
955,Namco Museum,PS2,2001.0,Misc,Namco Bandai Games,1.73,0.07,0.0,0.02,1.82,NA
956,The Sims: Hot Date,PC,2001.0,Simulation,Electronic Arts,1.81,0.0,0.0,0.0,1.82,NA
957,Metroid Prime 3: Corruption,Wii,2007.0,Shooter,Nintendo,0.91,0.74,0.07,0.09,1.82,NA
958,Dragon Quest VI: Realms of Revelation,DS,2010.0,Role-Playing,Nintendo,0.22,0.21,1.35,0.03,1.81,JP
959,The Evil Within,PS4,2014.0,Action,Bethesda Softworks,0.55,0.84,0.11,0.31,1.81,EU
960,DDRMAX2: Dance Dance Revolution,PS2,2003.0,Simulation,Konami Digital Entertainment,1.05,0.59,0.0,0.18,1.81,NA
961,Crazy Taxi,DC,2000.0,Racing,Sega,1.1,0.51,0.12,0.08,1.81,NA
962,Virtua Fighter 4,PS2,2002.0,Fighting,Sega,0.78,0.44,0.56,0.04,1.81,NA
963,Sly 2: Band of Thieves,PS2,2004.0,Platform,Sony Computer Entertainment,0.88,0.69,0.0,0.23,1.81,NA
964,Guitar Hero: World Tour,PS2,2008.0,Misc,Activision,1.0,0.03,0.0,0.77,1.8,NA
965,Sonic Advance 2,GBA,2002.0,Platform,Sega,0.93,0.59,0.21,0.07,1.8,NA
966,Madden NFL 07,X360,2006.0,Sports,Electronic Arts,1.66,0.0,0.01,0.13,1.8,NA
967,NBA 2K11,PS3,2010.0,Action,Take-Two Interactive,1.41,0.21,0.03,0.16,1.8,NA
968,NFL GameDay 2000,PS,1999.0,Sports,989 Studios,1.0,0.68,0.0,0.12,1.8,NA
969,Call of Duty: Black Ops 3,PS3,2015.0,Shooter,Activision,0.49,0.96,0.07,0.27,1.79,EU
970,Disney's The Lion King,SNES,1994.0,Platform,Virgin Interactive,1.26,0.39,0.08,0.06,1.79,NA
971,Beyond: Two Souls,PS3,2013.0,Adventure,Sony Computer Entertainment,0.52,0.88,0.06,0.34,1.79,EU
972,Kinect Star Wars,X360,2012.0,Action,Microsoft Game Studios,1.05,0.57,0.03,0.14,1.78,NA
973,Midnight Club II,PS2,2003.0,Racing,Take-Two Interactive,1.25,0.29,0.0,0.24,1.78,NA
974,Dragon Quest Monsters: Joker,DS,2006.0,Role-Playing,Square Enix,0.23,0.03,1.49,0.03,1.78,JP
975,SpongeBob SquarePants: SuperSponge,PS,2001.0,Action,THQ,1.12,0.58,0.0,0.08,1.78,NA
976,The Getaway: Black Monday,PS2,2004.0,Action,Sony Computer Entertainment,0.39,1.01,0.02,0.36,1.78,EU
977,Professor Layton and the Mask of Miracle,3DS,2011.0,Puzzle,Nintendo,0.32,0.95,0.36,0.14,1.78,EU
978,Just Cause 2,PS3,2010.0,Action,Square Enix,0.45,0.94,0.06,0.33,1.78,EU
979,Dragon's Dogma,PS3,2012.0,Role-Playing,Capcom,0.41,0.46,0.72,0.19,1.78,JP
980,The Legend of Zelda: The Wind Waker,WiiU,2013.0,Action,Nintendo,0.93,0.57,0.14,0.13,1.77,NA
981,50 Cent: Bulletproof,PS2,2005.0,Action,Vivendi Games,0.85,0.76,0.0,0.16,1.77,NA
982,High School Musical: Sing It!,Wii,2007.0,Misc,Disney Interactive Studios,1.16,0.45,0.0,0.16,1.77,NA
983,Wii Party U,WiiU,2013.0,Misc,Nintendo,0.31,0.54,0.84,0.08,1.77,JP
984,Madden NFL 25,PS3,2013.0,Sports,Electronic Arts,1.59,0.03,0.0,0.15,1.77,NA
985,Final Fantasy II,SNES,1991.0,Role-Playing,Square,0.24,0.09,1.33,0.12,1.77,JP
986,Kirby 64: The Crystal Shards,N64,2000.0,Platform,Nintendo,0.63,0.06,1.03,0.04,1.77,JP
987,Dead or Alive 3,XB,2001.0,Fighting,Microsoft Game Studios,1.19,0.29,0.24,0.06,1.77,NA
988,UFC 2009 Undisputed,PS3,2009.0,Fighting,THQ,1.07,0.45,0.01,0.24,1.77,NA
989,Metroid II: Return of Samus,GB,1991.0,Adventure,Nintendo,0.85,0.31,0.56,0.04,1.76,NA
990,WWF Attitude,PS,1998.0,Fighting,Acclaim Entertainment,1.27,0.42,0.0,0.07,1.76,NA
991,The SpongeBob SquarePants Movie,PS2,2004.0,Platform,THQ,1.06,0.54,0.0,0.16,1.76,NA
992,Golden Sun,GBA,2001.0,Role-Playing,Nintendo,0.93,0.38,0.4,0.06,1.76,NA
993,Sonic the Hedgehog 3,GEN,1994.0,Platform,Sega,1.02,0.47,0.2,0.07,1.76,NA
994,Kid Icarus,NES,1986.0,Platform,Nintendo,0.53,0.12,1.09,0.02,1.76,JP
995,Def Jam: Fight for NY,PS2,2004.0,Fighting,Electronic Arts,0.86,0.67,0.0,0.22,1.76,NA
996,Tom Clancy's Ghost Recon,XB,2002.0,Shooter,Ubisoft,1.23,0.46,0.0,0.07,1.76,NA
997,State of Emergency,PS2,2002.0,Action,Take-Two Interactive,0.86,0.67,0.0,0.22,1.76,NA
998,BioShock Infinite,PS3,2013.0,Shooter,Take-Two Interactive,0.72,0.69,0.04,0.31,1.76,NA
999,Hitman: Absolution,X360,2012.0,Action,Square Enix,0.68,0.9,0.01,0.17,1.76,EU
1000,2 Games in 1 Double Pack: The Incredibles / Finding Nemo: The Continuing Adventures,GBA,2007.0,Action,THQ,1.26,0.47,0.0,0.03,1.76,NA
1001,Call of Duty: Black Ops 3,X360,2015.0,Shooter,Activision,1.11,0.48,0.0,0.16,1.76,NA
